"State","DivisionId","DivisionAb","DivisionName","PartyAb","CandidateSurname","Votes"
"ACT",101,"CANB","Canberra","BTA","BTA_CANB",5203
"ACT",101,"CANB","Canberra","PUP","PUP_CANB",3883
"ACT",101,"CANB","Canberra","RUA","RUA_CANB",78
"ACT",101,"CANB","Canberra","","Informal",5008
"ACT",101,"CANB","Canberra","LP","LP_CANB",46677
"ACT",101,"CANB","Canberra","DEM","DEM_CANB",164
"ACT",101,"CANB","Canberra","SPA","SPA_CANB",1264
"ACT",101,"CANB","Canberra","ALP","ALP_CANB",51456
"ACT",101,"CANB","Canberra","GRN","GRN_CANB",16330
"ACT",102,"FENN","Fenner","PUP","PUP_FRAS",2905
"ACT",102,"FENN","Fenner","BTA","BTA_FRAS",4652
"ACT",102,"FENN","Fenner","","Informal",4609
"ACT",102,"FENN","Fenner","ALP","ALP_FRAS",52220
"ACT",102,"FENN","Fenner","DEM","DEM_FRAS",2280
"ACT",102,"FENN","Fenner","LP","LP_FRAS",36935
"ACT",102,"FENN","Fenner","GRN","GRN_FRAS",16026
"ACT",102,"FENN","Fenner","RUA","RUA_FRAS",1430
"NSW",103,"BANK","Banks","","Informal",8722
"NSW",103,"BANK","Banks","IND","KHEDR",603
"NSW",103,"BANK","Banks","IND","NAGI",34
"NSW",103,"BANK","Banks","ALP","ALP_BANK",34774
"NSW",103,"BANK","Banks","LP","LP_BANK",41616
"NSW",103,"BANK","Banks","CDP","CDP_BANK",2105
"NSW",103,"BANK","Banks","DLP","DLP_BANK",357
"NSW",103,"BANK","Banks","GRN","GRN_BANK",4403
"NSW",103,"BANK","Banks","ON","ON_BANK",15
"NSW",103,"BANK","Banks","KAP","KAP_BANK",464
"NSW",103,"BANK","Banks","PUP","PUP_BANK",2847
"NSW",104,"BART","Barton","ALP","ALP_BART",36028
"NSW",104,"BART","Barton","LP","LP_BART",31619
"NSW",104,"BART","Barton","CDP","CDP_BART",1706
"NSW",104,"BART","Barton","DLP","DLP_BART",108
"NSW",104,"BART","Barton","GRN","GRN_BART",6509
"NSW",104,"BART","Barton","ON","ON_BART",520
"NSW",104,"BART","Barton","RUA","RUA_BART",18
"NSW",104,"BART","Barton","KAP","KAP_BART",464
"NSW",104,"BART","Barton","PUP","PUP_BART",2765
"NSW",104,"BART","Barton","BTA","BTA_BART",108
"NSW",104,"BART","Barton","","Informal",11173
"NSW",104,"BART","Barton","IND","KHEDR",97
"NSW",104,"BART","Barton","IND","NAGI",2669
"NSW",105,"BENN","Bennelong","","Informal",7200
"NSW",105,"BENN","Bennelong","IND","PATEL",0
"NSW",105,"BENN","Bennelong","ALP","ALP_BENN",28726
"NSW",105,"BENN","Bennelong","LP","LP_BENN",46907
"NSW",105,"BENN","Bennelong","CDP","CDP_BENN",2135
"NSW",105,"BENN","Bennelong","DLP","DLP_BENN",617
"NSW",105,"BENN","Bennelong","GRN","GRN_BENN",7454
"NSW",105,"BENN","Bennelong","ON","ON_BENN",0
"NSW",105,"BENN","Bennelong","AFN","AFN_BENN",492
"NSW",105,"BENN","Bennelong","SPA","SPA_BENN",602
"NSW",105,"BENN","Bennelong","PUP","PUP_BENN",1589
"NSW",106,"BERO","Berowra","","Informal",5469
"NSW",106,"BERO","Berowra","IND","GALLAGHER",3374
"NSW",106,"BERO","Berowra","ALP","ALP_BERO",17556
"NSW",106,"BERO","Berowra","LP","LP_BERO",56733
"NSW",106,"BERO","Berowra","CDP","CDP_BERO",2301
"NSW",106,"BERO","Berowra","DLP","DLP_BERO",71
"NSW",106,"BERO","Berowra","GRN","GRN_BERO",9254
"NSW",106,"BERO","Berowra","SPP","SPP_BERO",492
"NSW",106,"BERO","Berowra","PUP","PUP_BERO",2494
"NSW",107,"BLAX","Blaxland","ALP","ALP_BLAX",42886
"NSW",107,"BLAX","Blaxland","LP","LP_BLAX",25865
"NSW",107,"BLAX","Blaxland","CDP","CDP_BLAX",1637
"NSW",107,"BLAX","Blaxland","DLP","DLP_BLAX",724
"NSW",107,"BLAX","Blaxland","GRN","GRN_BLAX",2554
"NSW",107,"BLAX","Blaxland","AIN","AIN_BLAX",180
"NSW",107,"BLAX","Blaxland","KAP","KAP_BLAX",1557
"NSW",107,"BLAX","Blaxland","PUP","PUP_BLAX",2231
"NSW",107,"BLAX","Blaxland","","Informal",11973
"NSW",107,"BLAX","Blaxland","IND","KHEDR",8
"NSW",108,"BRFD","Bradfield","","Informal",5487
"NSW",108,"BRFD","Bradfield","ALP","ALP_BRFD",15026
"NSW",108,"BRFD","Bradfield","LP","LP_BRFD",58963
"NSW",108,"BRFD","Bradfield","CDP","CDP_BRFD",1651
"NSW",108,"BRFD","Bradfield","DLP","DLP_BRFD",987
"NSW",108,"BRFD","Bradfield","GRN","GRN_BRFD",11620
"NSW",108,"BRFD","Bradfield","SPP","SPP_BRFD",0
"NSW",108,"BRFD","Bradfield","RUA","RUA_BRFD",0
"NSW",108,"BRFD","Bradfield","PUP","PUP_BRFD",2353
"NSW",109,"CALA","Calare","","Informal",6263
"NSW",109,"CALA","Calare","IND","ROSS",2064
"NSW",109,"CALA","Calare","IND","HARKER-MORTLOCK",0
"NSW",109,"CALA","Calare","ALP","ALP_CALA",25223
"NSW",109,"CALA","Calare","LP","LP_CALA",2
"NSW",109,"CALA","Calare","CDP","CDP_CALA",1784
"NSW",109,"CALA","Calare","NP","NP_CALA",54291
"NSW",109,"CALA","Calare","DLP","DLP_CALA",657
"NSW",109,"CALA","Calare","GRN","GRN_CALA",4850
"NSW",109,"CALA","Calare","CEC","CEC_CALA",13
"NSW",109,"CALA","Calare","ON","ON_CALA",101
"NSW",109,"CALA","Calare","AFN","AFN_CALA",857
"NSW",109,"CALA","Calare","KAP","KAP_CALA",1075
"NSW",109,"CALA","Calare","PUP","PUP_CALA",4982
"NSW",111,"CHIF","Chifley","","Informal",11776
"NSW",111,"CHIF","Chifley","IND","KHAN",1626
"NSW",111,"CHIF","Chifley","ALP","ALP_CHIF",40488
"NSW",111,"CHIF","Chifley","LP","LP_CHIF",24446
"NSW",111,"CHIF","Chifley","CDP","CDP_CHIF",2658
"NSW",111,"CHIF","Chifley","DLP","DLP_CHIF",751
"NSW",111,"CHIF","Chifley","GRN","GRN_CHIF",2042
"NSW",111,"CHIF","Chifley","ON","ON_CHIF",1305
"NSW",111,"CHIF","Chifley","ASXP","ASXP_CHIF",7
"NSW",111,"CHIF","Chifley","AFN","AFN_CHIF",371
"NSW",111,"CHIF","Chifley","VCE","VCE_CHIF",3
"NSW",111,"CHIF","Chifley","RUA","RUA_CHIF",3
"NSW",111,"CHIF","Chifley","KAP","KAP_CHIF",3
"NSW",111,"CHIF","Chifley","PUP","PUP_CHIF",3126
"NSW",112,"COOK","Cook","","Informal",6724
"NSW",112,"COOK","Cook","IND","STRANG",895
"NSW",112,"COOK","Cook","IND","KHEDR",27
"NSW",112,"COOK","Cook","IND","NAGI",344
"NSW",112,"COOK","Cook","ALP","ALP_COOK",22914
"NSW",112,"COOK","Cook","LP","LP_COOK",52405
"NSW",112,"COOK","Cook","CDP","CDP_COOK",1735
"NSW",112,"COOK","Cook","DLP","DLP_COOK",19
"NSW",112,"COOK","Cook","GRN","GRN_COOK",5166
"NSW",112,"COOK","Cook","ON","ON_COOK",142
"NSW",112,"COOK","Cook","AFN","AFN_COOK",458
"NSW",112,"COOK","Cook","KAP","KAP_COOK",158
"NSW",112,"COOK","Cook","PUP","PUP_COOK",3428
"NSW",113,"COWP","Cowper","CEC","CEC_COWP",128
"NSW",113,"COWP","Cowper","ON","ON_COWP",538
"NSW",113,"COWP","Cowper","KAP","KAP_COWP",263
"NSW",113,"COWP","Cowper","PUP","PUP_COWP",5969
"NSW",113,"COWP","Cowper","","Informal",5763
"NSW",113,"COWP","Cowper","IND","ATTKINS",2306
"NSW",113,"COWP","Cowper","ALP","ALP_COWP",23265
"NSW",113,"COWP","Cowper","CDP","CDP_COWP",2437
"NSW",113,"COWP","Cowper","NP","NP_COWP",53357
"NSW",113,"COWP","Cowper","GRN","GRN_COWP",10420
"NSW",114,"CUNN","Cunningham","","Informal",6920
"NSW",114,"CUNN","Cunningham","IND","MATTERS",230
"NSW",114,"CUNN","Cunningham","ALP","ALP_CUNN",42960
"NSW",114,"CUNN","Cunningham","LP","LP_CUNN",29221
"NSW",114,"CUNN","Cunningham","CDP","CDP_CUNN",2117
"NSW",114,"CUNN","Cunningham","NP","NP_CUNN",422
"NSW",114,"CUNN","Cunningham","DLP","DLP_CUNN",38
"NSW",114,"CUNN","Cunningham","GRN","GRN_CUNN",10373
"NSW",114,"CUNN","Cunningham","NCP","NCP_CUNN",876
"NSW",114,"CUNN","Cunningham","KAP","KAP_CUNN",856
"NSW",114,"CUNN","Cunningham","PUP","PUP_CUNN",4255
"NSW",114,"CUNN","Cunningham","BTA","BTA_CUNN",60
"NSW",115,"DOBE","Dobell","","Informal",7330
"NSW",115,"DOBE","Dobell","IND","THOMSON",3395
"NSW",115,"DOBE","Dobell","IND","BRACKEN",6950
"NSW",115,"DOBE","Dobell","ALP","ALP_DOBE",33016
"NSW",115,"DOBE","Dobell","LP","LP_DOBE",37010
"NSW",115,"DOBE","Dobell","CDP","CDP_DOBE",1297
"NSW",115,"DOBE","Dobell","GRN","GRN_DOBE",4433
"NSW",115,"DOBE","Dobell","CEC","CEC_DOBE",695
"NSW",115,"DOBE","Dobell","PUP","PUP_DOBE",3291
"NSW",115,"DOBE","Dobell","BTA","BTA_DOBE",605
"NSW",117,"EMON","Eden-Monaro","","Informal",5396
"NSW",117,"EMON","Eden-Monaro","IND","HARKER-MORTLOCK",593
"NSW",117,"EMON","Eden-Monaro","IND","THALER",1006
"NSW",117,"EMON","Eden-Monaro","ALP","ALP_EMON",33155
"NSW",117,"EMON","Eden-Monaro","LP","LP_EMON",38057
"NSW",117,"EMON","Eden-Monaro","CDP","CDP_EMON",943
"NSW",117,"EMON","Eden-Monaro","NP","NP_EMON",4842
"NSW",117,"EMON","Eden-Monaro","DLP","DLP_EMON",227
"NSW",117,"EMON","Eden-Monaro","GRN","GRN_EMON",6875
"NSW",117,"EMON","Eden-Monaro","CEC","CEC_EMON",282
"NSW",117,"EMON","Eden-Monaro","ON","ON_EMON",210
"NSW",117,"EMON","Eden-Monaro","AFN","AFN_EMON",144
"NSW",117,"EMON","Eden-Monaro","SPP","SPP_EMON",448
"NSW",117,"EMON","Eden-Monaro","RUA","RUA_EMON",119
"NSW",117,"EMON","Eden-Monaro","KAP","KAP_EMON",368
"NSW",117,"EMON","Eden-Monaro","PUP","PUP_EMON",4699
"NSW",117,"EMON","Eden-Monaro","BTA","BTA_EMON",253
"NSW",118,"FARR","Farrer","","Informal",6724
"NSW",118,"FARR","Farrer","ALP","ALP_FARR",19183
"NSW",118,"FARR","Farrer","LP","LP_FARR",41858
"NSW",118,"FARR","Farrer","CDP","CDP_FARR",1131
"NSW",118,"FARR","Farrer","NP","NP_FARR",16804
"NSW",118,"FARR","Farrer","DLP","DLP_FARR",1786
"NSW",118,"FARR","Farrer","GRN","GRN_FARR",3743
"NSW",118,"FARR","Farrer","AFN","AFN_FARR",344
"NSW",118,"FARR","Farrer","RUA","RUA_FARR",1574
"NSW",118,"FARR","Farrer","KAP","KAP_FARR",3006
"NSW",118,"FARR","Farrer","PUP","PUP_FARR",4041
"NSW",118,"FARR","Farrer","BTA","BTA_FARR",1610
"NSW",119,"FOWL","Fowler","","Informal",12677
"NSW",119,"FOWL","Fowler","ALP","ALP_FOWL",46116
"NSW",119,"FOWL","Fowler","LP","LP_FOWL",25478
"NSW",119,"FOWL","Fowler","CDP","CDP_FOWL",3066
"NSW",119,"FOWL","Fowler","DLP","DLP_FOWL",132
"NSW",119,"FOWL","Fowler","GRN","GRN_FOWL",2712
"NSW",119,"FOWL","Fowler","ON","ON_FOWL",63
"NSW",119,"FOWL","Fowler","KAP","KAP_FOWL",615
"NSW",119,"FOWL","Fowler","PUP","PUP_FOWL",2701
"NSW",120,"GILM","Gilmore","","Informal",5308
"NSW",120,"GILM","Gilmore","IND","THALER",217
"NSW",120,"GILM","Gilmore","ALP","ALP_GILM",33073
"NSW",120,"GILM","Gilmore","LP","LP_GILM",45786
"NSW",120,"GILM","Gilmore","CDP","CDP_GILM",2741
"NSW",120,"GILM","Gilmore","GRN","GRN_GILM",8744
"NSW",120,"GILM","Gilmore","CEC","CEC_GILM",37
"NSW",120,"GILM","Gilmore","SPP","SPP_GILM",153
"NSW",120,"GILM","Gilmore","PUP","PUP_GILM",5794
"NSW",121,"GRAY","Grayndler","","Informal",5689
"NSW",121,"GRAY","Grayndler","IND","WARD",300
"NSW",121,"GRAY","Grayndler","IND","RZETELSKI",114
"NSW",121,"GRAY","Grayndler","ALP","ALP_GRAY",39681
"NSW",121,"GRAY","Grayndler","LP","LP_GRAY",22575
"NSW",121,"GRAY","Grayndler","CDP","CDP_GRAY",1414
"NSW",121,"GRAY","Grayndler","DLP","DLP_GRAY",0
"NSW",121,"GRAY","Grayndler","GRN","GRN_GRAY",18842
"NSW",121,"GRAY","Grayndler","SAL","SAL_GRAY",104
"NSW",121,"GRAY","Grayndler","AIN","AIN_GRAY",0
"NSW",121,"GRAY","Grayndler","KAP","KAP_GRAY",0
"NSW",121,"GRAY","Grayndler","PUP","PUP_GRAY",1363
"NSW",121,"GRAY","Grayndler","BTA","BTA_GRAY",997
"NSW",122,"GREE","Greenway","","Informal",9162
"NSW",122,"GREE","Greenway","IND","KHAN",67
"NSW",122,"GREE","Greenway","ALP","ALP_GREE",36782
"NSW",122,"GREE","Greenway","LP","LP_GREE",33045
"NSW",122,"GREE","Greenway","CDP","CDP_GREE",3112
"NSW",122,"GREE","Greenway","DLP","DLP_GREE",36
"NSW",122,"GREE","Greenway","GRN","GRN_GREE",3015
"NSW",122,"GREE","Greenway","ON","ON_GREE",48
"NSW",122,"GREE","Greenway","ASXP","ASXP_GREE",1413
"NSW",122,"GREE","Greenway","AFN","AFN_GREE",15
"NSW",122,"GREE","Greenway","VCE","VCE_GREE",510
"NSW",122,"GREE","Greenway","RUA","RUA_GREE",643
"NSW",122,"GREE","Greenway","KAP","KAP_GREE",636
"NSW",122,"GREE","Greenway","PUP","PUP_GREE",3369
"NSW",124,"HUGH","Hughes","","Informal",6021
"NSW",124,"HUGH","Hughes","IND","STRANG",426
"NSW",124,"HUGH","Hughes","ALP","ALP_HUGH",26682
"NSW",124,"HUGH","Hughes","LP","LP_HUGH",49970
"NSW",124,"HUGH","Hughes","CDP","CDP_HUGH",2511
"NSW",124,"HUGH","Hughes","GRN","GRN_HUGH",5280
"NSW",124,"HUGH","Hughes","NCP","NCP_HUGH",51
"NSW",124,"HUGH","Hughes","AFN","AFN_HUGH",159
"NSW",124,"HUGH","Hughes","KAP","KAP_HUGH",59
"NSW",124,"HUGH","Hughes","PUP","PUP_HUGH",4795
"NSW",125,"HUME","Hume","NCP","NCP_HUME",0
"NSW",125,"HUME","Hume","KAP","KAP_HUME",1613
"NSW",125,"HUME","Hume","PUP","PUP_HUME",4312
"NSW",125,"HUME","Hume","BTA","BTA_HUME",4
"NSW",125,"HUME","Hume","","Informal",6253
"NSW",125,"HUME","Hume","IND","HARKER-MORTLOCK",956
"NSW",125,"HUME","Hume","IND","MATTERS",5
"NSW",125,"HUME","Hume","ALP","ALP_HUME",22108
"NSW",125,"HUME","Hume","LP","LP_HUME",48848
"NSW",125,"HUME","Hume","CDP","CDP_HUME",1615
"NSW",125,"HUME","Hume","NP","NP_HUME",72
"NSW",125,"HUME","Hume","DLP","DLP_HUME",0
"NSW",125,"HUME","Hume","GRN","GRN_HUME",4889
"NSW",125,"HUME","Hume","CEC","CEC_HUME",768
"NSW",125,"HUME","Hume","ON","ON_HUME",1602
"NSW",126,"HUNT","Hunter","ON","ON_HUNT",2938
"NSW",126,"HUNT","Hunter","PUP","PUP_HUNT",9277
"NSW",126,"HUNT","Hunter","BTA","BTA_HUNT",818
"NSW",126,"HUNT","Hunter","","Informal",6585
"NSW",126,"HUNT","Hunter","ALP","ALP_HUNT",41557
"NSW",126,"HUNT","Hunter","LP","LP_HUNT",14387
"NSW",126,"HUNT","Hunter","CDP","CDP_HUNT",2406
"NSW",126,"HUNT","Hunter","NP","NP_HUNT",15509
"NSW",126,"HUNT","Hunter","GRN","GRN_HUNT",5657
"NSW",126,"HUNT","Hunter","CEC","CEC_HUNT",393
"NSW",127,"KSMI","Kingsford Smith","","Informal",8130
"NSW",127,"KSMI","Kingsford Smith","IND","SHEIL",0
"NSW",127,"KSMI","Kingsford Smith","ALP","ALP_KSMI",36177
"NSW",127,"KSMI","Kingsford Smith","LP","LP_KSMI",37455
"NSW",127,"KSMI","Kingsford Smith","CDP","CDP_KSMI",1379
"NSW",127,"KSMI","Kingsford Smith","GRN","GRN_KSMI",8431
"NSW",127,"KSMI","Kingsford Smith","FUT","FUT_KSMI",693
"NSW",127,"KSMI","Kingsford Smith","RUA","RUA_KSMI",357
"NSW",127,"KSMI","Kingsford Smith","PUP","PUP_KSMI",1611
"NSW",128,"LIND","Lindsay","","Informal",7837
"NSW",128,"LIND","Lindsay","SPP","BROWN",408
"NSW",128,"LIND","Lindsay","LP","SCOTT",40882
"NSW",128,"LIND","Lindsay","GRN","LENTON",2679
"NSW",128,"LIND","Lindsay","PUP","WILCOX",4517
"NSW",128,"LIND","Lindsay","ALP","BRADBURY",34212
"NSW",128,"LIND","Lindsay","ON","LAWSON",1901
"NSW",128,"LIND","Lindsay","CDP","GREEN",2449
"NSW",128,"LIND","Lindsay","AFN","SAUNDERS",610
"NSW",130,"LYNE","Lyne","","Informal",5694
"NSW",130,"LYNE","Lyne","IND","McINTYRE",0
"NSW",130,"LYNE","Lyne","IND","TABER",0
"NSW",130,"LYNE","Lyne","IND","ATTKINS",4255
"NSW",130,"LYNE","Lyne","ALP","ALP_LYNE",22558
"NSW",130,"LYNE","Lyne","LP","LP_LYNE",22603
"NSW",130,"LYNE","Lyne","CDP","CDP_LYNE",2075
"NSW",130,"LYNE","Lyne","NP","NP_LYNE",28395
"NSW",130,"LYNE","Lyne","GRN","GRN_LYNE",5972
"NSW",130,"LYNE","Lyne","CEC","CEC_LYNE",341
"NSW",130,"LYNE","Lyne","ON","ON_LYNE",1670
"NSW",130,"LYNE","Lyne","RUA","RUA_LYNE",361
"NSW",130,"LYNE","Lyne","KAP","KAP_LYNE",551
"NSW",130,"LYNE","Lyne","PUP","PUP_LYNE",5339
"NSW",131,"MACA","Macarthur","","Informal",8457
"NSW",131,"MACA","Macarthur","ALP","ALP_MACA",30528
"NSW",131,"MACA","Macarthur","LP","LP_MACA",36498
"NSW",131,"MACA","Macarthur","CDP","CDP_MACA",2485
"NSW",131,"MACA","Macarthur","DLP","DLP_MACA",606
"NSW",131,"MACA","Macarthur","GRN","GRN_MACA",3331
"NSW",131,"MACA","Macarthur","ON","ON_MACA",660
"NSW",131,"MACA","Macarthur","KAP","KAP_MACA",1365
"NSW",131,"MACA","Macarthur","PUP","PUP_MACA",4454
"NSW",132,"MACK","Mackellar","","Informal",5525
"NSW",132,"MACK","Mackellar","ALP","ALP_MACK",15606
"NSW",132,"MACK","Mackellar","LP","LP_MACK",56521
"NSW",132,"MACK","Mackellar","CDP","CDP_MACK",1791
"NSW",132,"MACK","Mackellar","GRN","GRN_MACK",12843
"NSW",132,"MACK","Mackellar","PUP","PUP_MACK",3771
"NSW",133,"MACQ","Macquarie","","Informal",5362
"NSW",133,"MACQ","Macquarie","IND","KHAN",0
"NSW",133,"MACQ","Macquarie","ALP","ALP_MACQ",27872
"NSW",133,"MACQ","Macquarie","LP","LP_MACQ",42590
"NSW",133,"MACQ","Macquarie","CDP","CDP_MACQ",2720
"NSW",133,"MACQ","Macquarie","DLP","DLP_MACQ",499
"NSW",133,"MACQ","Macquarie","GRN","GRN_MACQ",9986
"NSW",133,"MACQ","Macquarie","ON","ON_MACQ",0
"NSW",133,"MACQ","Macquarie","ASXP","ASXP_MACQ",1776
"NSW",133,"MACQ","Macquarie","AFN","AFN_MACQ",750
"NSW",133,"MACQ","Macquarie","PUP","PUP_MACQ",3731
"NSW",315,"MCMA","McMahon","ALP","ALP_MCMA",41146
"NSW",315,"MCMA","McMahon","","Informal",11415
"NSW",315,"MCMA","McMahon","IND","KHAN",56
"NSW",315,"MCMA","McMahon","IND","PATEL",78
"NSW",315,"MCMA","McMahon","GRN","GRN_MCMA",2508
"NSW",315,"MCMA","McMahon","LP","LP_MCMA",34184
"NSW",315,"MCMA","McMahon","DLP","DLP_MCMA",311
"NSW",315,"MCMA","McMahon","CDP","CDP_MCMA",2324
"NSW",315,"MCMA","McMahon","PUP","PUP_MCMA",2909
"NSW",315,"MCMA","McMahon","ON","ON_MCMA",103
"NSW",315,"MCMA","McMahon","KAP","KAP_MCMA",266
"NSW",315,"MCMA","McMahon","AFN","AFN_MCMA",10
"NSW",134,"MITC","Mitchell","","Informal",5917
"NSW",134,"MITC","Mitchell","IND","PATEL",32
"NSW",134,"MITC","Mitchell","ALP","ALP_MITC",18230
"NSW",134,"MITC","Mitchell","LP","LP_MITC",56048
"NSW",134,"MITC","Mitchell","CDP","CDP_MITC",2771
"NSW",134,"MITC","Mitchell","DLP","DLP_MITC",1019
"NSW",134,"MITC","Mitchell","GRN","GRN_MITC",5543
"NSW",134,"MITC","Mitchell","ON","ON_MITC",38
"NSW",134,"MITC","Mitchell","PUP","PUP_MITC",2783
"NSW",135,"NENG","New England","","Informal",6027
"NSW",135,"NENG","New England","IND","McINTYRE",5765
"NSW",135,"NENG","New England","IND","TABER",11856
"NSW",135,"NENG","New England","ALP","ALP_NENG",13017
"NSW",135,"NENG","New England","CDP","CDP_NENG",1568
"NSW",135,"NENG","New England","NP","NP_NENG",50663
"NSW",135,"NENG","New England","GRN","GRN_NENG",4501
"NSW",135,"NENG","New England","CEC","CEC_NENG",368
"NSW",135,"NENG","New England","ON","ON_NENG",1698
"NSW",135,"NENG","New England","PUP","PUP_NENG",4894
"NSW",136,"NEWC","Newcastle","","Informal",6371
"NSW",136,"NEWC","Newcastle","IND","HOLDING",558
"NSW",136,"NEWC","Newcastle","IND","SCURRY",893
"NSW",136,"NEWC","Newcastle","ALP","ALP_NEWC",42000
"NSW",136,"NEWC","Newcastle","LP","LP_NEWC",31460
"NSW",136,"NEWC","Newcastle","CDP","CDP_NEWC",1629
"NSW",136,"NEWC","Newcastle","GRN","GRN_NEWC",10998
"NSW",136,"NEWC","Newcastle","ON","ON_NEWC",540
"NSW",136,"NEWC","Newcastle","SAL","SAL_NEWC",562
"NSW",136,"NEWC","Newcastle","AFN","AFN_NEWC",754
"NSW",136,"NEWC","Newcastle","AIN","AIN_NEWC",303
"NSW",136,"NEWC","Newcastle","PUP","PUP_NEWC",4752
"NSW",136,"NEWC","Newcastle","BTA","BTA_NEWC",376
"NSW",137,"NSYD","North Sydney","PUP","PUP_NSYD",1496
"NSW",137,"NSYD","North Sydney","","Informal",4987
"NSW",137,"NSYD","North Sydney","ALP","ALP_NSYD",17681
"NSW",137,"NSYD","North Sydney","LP","LP_NSYD",53787
"NSW",137,"NSYD","North Sydney","CDP","CDP_NSYD",860
"NSW",137,"NSYD","North Sydney","DLP","DLP_NSYD",729
"NSW",137,"NSYD","North Sydney","GRN","GRN_NSYD",13704
"NSW",137,"NSYD","North Sydney","SPP","SPP_NSYD",29
"NSW",137,"NSYD","North Sydney","RUA","RUA_NSYD",18
"NSW",138,"PAGE","Page","","Informal",5058
"NSW",138,"PAGE","Page","IND","SKINNER",111
"NSW",138,"PAGE","Page","IND","McINTYRE",0
"NSW",138,"PAGE","Page","IND","TABER",0
"NSW",138,"PAGE","Page","ALP","ALP_PAGE",35500
"NSW",138,"PAGE","Page","CDP","CDP_PAGE",1847
"NSW",138,"PAGE","Page","NP","NP_PAGE",45927
"NSW",138,"PAGE","Page","GRN","GRN_PAGE",8954
"NSW",138,"PAGE","Page","CEC","CEC_PAGE",0
"NSW",138,"PAGE","Page","ON","ON_PAGE",1242
"NSW",138,"PAGE","Page","PUP","PUP_PAGE",5330
"NSW",139,"PARK","Parkes","","Informal",6368
"NSW",139,"PARK","Parkes","IND","McINTYRE",294
"NSW",139,"PARK","Parkes","IND","TABER",718
"NSW",139,"PARK","Parkes","ALP","ALP_PARK",20428
"NSW",139,"PARK","Parkes","LP","LP_PARK",4782
"NSW",139,"PARK","Parkes","CDP","CDP_PARK",2111
"NSW",139,"PARK","Parkes","NP","NP_PARK",50651
"NSW",139,"PARK","Parkes","DLP","DLP_PARK",250
"NSW",139,"PARK","Parkes","GRN","GRN_PARK",4294
"NSW",139,"PARK","Parkes","CEC","CEC_PARK",49
"NSW",139,"PARK","Parkes","ON","ON_PARK",152
"NSW",139,"PARK","Parkes","RUA","RUA_PARK",305
"NSW",139,"PARK","Parkes","KAP","KAP_PARK",378
"NSW",139,"PARK","Parkes","PUP","PUP_PARK",6344
"NSW",139,"PARK","Parkes","BTA","BTA_PARK",81
"NSW",140,"PARR","Parramatta","","Informal",9393
"NSW",140,"PARR","Parramatta","IND","PATEL",1094
"NSW",140,"PARR","Parramatta","ALP","ALP_PARR",33912
"NSW",140,"PARR","Parramatta","LP","LP_PARR",35014
"NSW",140,"PARR","Parramatta","CDP","CDP_PARR",1984
"NSW",140,"PARR","Parramatta","DLP","DLP_PARR",1443
"NSW",140,"PARR","Parramatta","GRN","GRN_PARR",4196
"NSW",140,"PARR","Parramatta","ON","ON_PARR",730
"NSW",140,"PARR","Parramatta","ASXP","ASXP_PARR",96
"NSW",140,"PARR","Parramatta","VCE","VCE_PARR",33
"NSW",140,"PARR","Parramatta","RUA","RUA_PARR",35
"NSW",140,"PARR","Parramatta","KAP","KAP_PARR",102
"NSW",140,"PARR","Parramatta","PUP","PUP_PARR",1819
"NSW",249,"PATE","Paterson","IND","HOLDING",116
"NSW",249,"PATE","Paterson","","Informal",6113
"NSW",249,"PATE","Paterson","ALP","ALP_PATE",36811
"NSW",249,"PATE","Paterson","IND","SCURRY",133
"NSW",249,"PATE","Paterson","CDP","CDP_PATE",1989
"NSW",249,"PATE","Paterson","LP","LP_PATE",28545
"NSW",249,"PATE","Paterson","GRN","GRN_PATE",5868
"NSW",249,"PATE","Paterson","NP","NP_PATE",9763
"NSW",249,"PATE","Paterson","ON","ON_PATE",1324
"NSW",249,"PATE","Paterson","CEC","CEC_PATE",603
"NSW",249,"PATE","Paterson","AFN","AFN_PATE",168
"NSW",249,"PATE","Paterson","SAL","SAL_PATE",54
"NSW",249,"PATE","Paterson","AIN","AIN_PATE",64
"NSW",249,"PATE","Paterson","RUA","RUA_PATE",516
"NSW",249,"PATE","Paterson","PUP","PUP_PATE",6452
"NSW",144,"REID","Reid","","Informal",7884
"NSW",144,"REID","Reid","ALP","ALP_REID",31357
"NSW",144,"REID","Reid","LP","LP_REID",41168
"NSW",144,"REID","Reid","CDP","CDP_REID",1344
"NSW",144,"REID","Reid","DLP","DLP_REID",559
"NSW",144,"REID","Reid","GRN","GRN_REID",6434
"NSW",144,"REID","Reid","RUA","RUA_REID",56
"NSW",144,"REID","Reid","AIN","AIN_REID",1003
"NSW",144,"REID","Reid","KAP","KAP_REID",203
"NSW",144,"REID","Reid","PUP","PUP_REID",1149
"NSW",144,"REID","Reid","BTA","BTA_REID",36
"NSW",145,"RICH","Richmond","","Informal",4751
"NSW",145,"RICH","Richmond","IND","SKINNER",1860
"NSW",145,"RICH","Richmond","ALP","ALP_RICH",31554
"NSW",145,"RICH","Richmond","CDP","CDP_RICH",1291
"NSW",145,"RICH","Richmond","NP","NP_RICH",36167
"NSW",145,"RICH","Richmond","GRN","GRN_RICH",14107
"NSW",145,"RICH","Richmond","ON","ON_RICH",139
"NSW",145,"RICH","Richmond","PUP","PUP_RICH",6649
"NSW",250,"RIVE","Riverina","","Informal",6515
"NSW",250,"RIVE","Riverina","IND","HARKER-MORTLOCK",547
"NSW",250,"RIVE","Riverina","IND","ROSS",324
"NSW",250,"RIVE","Riverina","LP","LP_RIVE",15996
"NSW",250,"RIVE","Riverina","ALP","ALP_RIVE",20778
"NSW",250,"RIVE","Riverina","NP","NP_RIVE",39864
"NSW",250,"RIVE","Riverina","CDP","CDP_RIVE",1643
"NSW",250,"RIVE","Riverina","GRN","GRN_RIVE",3492
"NSW",250,"RIVE","Riverina","DLP","DLP_RIVE",2485
"NSW",250,"RIVE","Riverina","ON","ON_RIVE",710
"NSW",250,"RIVE","Riverina","CEC","CEC_RIVE",366
"NSW",250,"RIVE","Riverina","RUA","RUA_RIVE",688
"NSW",250,"RIVE","Riverina","AFN","AFN_RIVE",953
"NSW",250,"RIVE","Riverina","PUP","PUP_RIVE",4824
"NSW",250,"RIVE","Riverina","KAP","KAP_RIVE",1252
"NSW",250,"RIVE","Riverina","BTA","BTA_RIVE",1509
"NSW",146,"ROBE","Robertson","","Informal",5746
"NSW",146,"ROBE","Robertson","IND","THOMSON",49
"NSW",146,"ROBE","Robertson","IND","CASSAR",2480
"NSW",146,"ROBE","Robertson","IND","McKINNA",7763
"NSW",146,"ROBE","Robertson","IND","BRACKEN",140
"NSW",146,"ROBE","Robertson","ALP","ALP_ROBE",31604
"NSW",146,"ROBE","Robertson","LP","LP_ROBE",39655
"NSW",146,"ROBE","Robertson","CDP","CDP_ROBE",1144
"NSW",146,"ROBE","Robertson","DLP","DLP_ROBE",474
"NSW",146,"ROBE","Robertson","GRN","GRN_ROBE",5102
"NSW",146,"ROBE","Robertson","CEC","CEC_ROBE",16
"NSW",146,"ROBE","Robertson","AIN","AIN_ROBE",510
"NSW",146,"ROBE","Robertson","PUP","PUP_ROBE",2138
"NSW",146,"ROBE","Robertson","BTA","BTA_ROBE",17
"NSW",148,"SHOR","Shortland","","Informal",6329
"NSW",148,"SHOR","Shortland","ALP","ALP_SHOR",45393
"NSW",148,"SHOR","Shortland","LP","LP_SHOR",34393
"NSW",148,"SHOR","Shortland","CDP","CDP_SHOR",1475
"NSW",148,"SHOR","Shortland","GRN","GRN_SHOR",5954
"NSW",148,"SHOR","Shortland","ON","ON_SHOR",323
"NSW",148,"SHOR","Shortland","PUP","PUP_SHOR",6423
"NSW",148,"SHOR","Shortland","BTA","BTA_SHOR",266
"NSW",149,"SYDN","Sydney","","Informal",5559
"NSW",149,"SYDN","Sydney","IND","SHEIL",126
"NSW",149,"SYDN","Sydney","IND","WARD",1108
"NSW",149,"SYDN","Sydney","IND","RZETELSKI",488
"NSW",149,"SYDN","Sydney","ALP","ALP_SYDN",35330
"NSW",149,"SYDN","Sydney","LP","LP_SYDN",26029
"NSW",149,"SYDN","Sydney","CDP","CDP_SYDN",698
"NSW",149,"SYDN","Sydney","GRN","GRN_SYDN",14863
"NSW",149,"SYDN","Sydney","SAL","SAL_SYDN",509
"NSW",149,"SYDN","Sydney","PUP","PUP_SYDN",1160
"NSW",149,"SYDN","Sydney","BTA","BTA_SYDN",698
"NSW",151,"WARR","Warringah","","Informal",4837
"NSW",151,"WARR","Warringah","ALP","ALP_WARR",16380
"NSW",151,"WARR","Warringah","LP","LP_WARR",51542
"NSW",151,"WARR","Warringah","CDP","CDP_WARR",604
"NSW",151,"WARR","Warringah","GRN","GRN_WARR",13146
"NSW",151,"WARR","Warringah","SPP","SPP_WARR",715
"NSW",151,"WARR","Warringah","RUA","RUA_WARR",454
"NSW",151,"WARR","Warringah","PUP","PUP_WARR",1880
"NSW",251,"WATS","Watson","","Informal",12773
"NSW",251,"WATS","Watson","IND","NAGI",23
"NSW",251,"WATS","Watson","IND","KHEDR",33
"NSW",251,"WATS","Watson","LP","LP_WATS",28996
"NSW",251,"WATS","Watson","ALP","ALP_WATS",40031
"NSW",251,"WATS","Watson","DLP","DLP_WATS",784
"NSW",251,"WATS","Watson","CDP","CDP_WATS",1878
"NSW",251,"WATS","Watson","ON","ON_WATS",9
"NSW",251,"WATS","Watson","GRN","GRN_WATS",4965
"NSW",251,"WATS","Watson","AIN","AIN_WATS",32
"NSW",251,"WATS","Watson","RUA","RUA_WATS",302
"NSW",251,"WATS","Watson","PUP","PUP_WATS",1990
"NSW",251,"WATS","Watson","KAP","KAP_WATS",31
"NSW",251,"WATS","Watson","BTA","BTA_WATS",124
"NSW",152,"WENT","Wentworth","","Informal",5005
"NSW",152,"WENT","Wentworth","IND","SHEIL",928
"NSW",152,"WENT","Wentworth","ALP","ALP_WENT",15404
"NSW",152,"WENT","Wentworth","LP","LP_WENT",53209
"NSW",152,"WENT","Wentworth","CDP","CDP_WENT",375
"NSW",152,"WENT","Wentworth","GRN","GRN_WENT",11544
"NSW",152,"WENT","Wentworth","PUP","PUP_WENT",890
"NSW",153,"WERR","Werriwa","","Informal",12443
"NSW",153,"WERR","Werriwa","ALP","ALP_WERR",38876
"NSW",153,"WERR","Werriwa","LP","LP_WERR",28415
"NSW",153,"WERR","Werriwa","CDP","CDP_WERR",3317
"NSW",153,"WERR","Werriwa","DLP","DLP_WERR",871
"NSW",153,"WERR","Werriwa","GRN","GRN_WERR",2553
"NSW",153,"WERR","Werriwa","ON","ON_WERR",796
"NSW",153,"WERR","Werriwa","KAP","KAP_WERR",810
"NSW",153,"WERR","Werriwa","PUP","PUP_WERR",3173
"NSW",150,"WHIT","Whitlam","","Informal",7894
"NSW",150,"WHIT","Whitlam","IND","HARKER-MORTLOCK",0
"NSW",150,"WHIT","Whitlam","IND","MATTERS",1713
"NSW",150,"WHIT","Whitlam","ALP","ALP_THRO",40257
"NSW",150,"WHIT","Whitlam","LP","LP_THRO",26873
"NSW",150,"WHIT","Whitlam","CDP","CDP_THRO",2321
"NSW",150,"WHIT","Whitlam","NP","NP_THRO",8045
"NSW",150,"WHIT","Whitlam","DLP","DLP_THRO",368
"NSW",150,"WHIT","Whitlam","GRN","GRN_THRO",5250
"NSW",150,"WHIT","Whitlam","CEC","CEC_THRO",0
"NSW",150,"WHIT","Whitlam","ON","ON_THRO",0
"NSW",150,"WHIT","Whitlam","NCP","NCP_THRO",404
"NSW",150,"WHIT","Whitlam","KAP","KAP_THRO",441
"NSW",150,"WHIT","Whitlam","PUP","PUP_THRO",4387
"NSW",150,"WHIT","Whitlam","BTA","BTA_THRO",614
"NT",306,"LING","Lingiari","","Informal",3696
"NT",306,"LING","Lingiari","ALP","SNOWDON",18292
"NT",306,"LING","Lingiari","CEC","FLYNN",1639
"NT",306,"LING","Lingiari","RUA","McCARTHY",917
"NT",306,"LING","Lingiari","PUP","HEDLAND",1918
"NT",306,"LING","Lingiari","GRN","SHAW",3572
"NT",306,"LING","Lingiari","FNPP","LECHLEITNER",1340
"NT",306,"LING","Lingiari","IND","GOULD",748
"NT",306,"LING","Lingiari","CLP","MacFARLANE",17593
"NT",307,"SOLO","Solomon","CEC","CAMPBELL",217
"NT",307,"SOLO","Solomon","","Informal",2991
"NT",307,"SOLO","Solomon","CLP","GRIGGS",23875
"NT",307,"SOLO","Solomon","ALP","GOSLING",18929
"NT",307,"SOLO","Solomon","RUA","SELLICK",527
"NT",307,"SOLO","Solomon","FNPP","CUMMINGS",470
"NT",307,"SOLO","Solomon","VEP","BURGESS",597
"NT",307,"SOLO","Solomon","PUP","SPAIN",2691
"NT",307,"SOLO","Solomon","ASXP","METCALF",1847
"NT",307,"SOLO","Solomon","GRN","WILLIAMS",4269
"QLD",304,"BLAI","Blair","AIN","DEGUARA",1011
"QLD",304,"BLAI","Blair","","Informal",4749
"QLD",304,"BLAI","Blair","RUA","MACKIN",504
"QLD",304,"BLAI","Blair","PUP","STANTON",9805
"QLD",304,"BLAI","Blair","LNP","HARDING",26734
"QLD",304,"BLAI","Blair","ALP","NEUMANN",32818
"QLD",304,"BLAI","Blair","KAP","CHORLEY",2491
"QLD",304,"BLAI","Blair","GRN","RUDKIN",3359
"QLD",304,"BLAI","Blair","FFP","DENMAN",2257
"QLD",310,"BONN","Bonner","PUP","MacANALLY",6712
"QLD",310,"BONN","Bonner","","Informal",3895
"QLD",310,"BONN","Bonner","ALP","FRASER HARDY",30927
"QLD",310,"BONN","Bonner","UNP","WIRTH",386
"QLD",310,"BONN","Bonner","GRN","NELSON",5876
"QLD",310,"BONN","Bonner","LNP","VASTA",40186
"QLD",310,"BONN","Bonner","FFP","PENNY",1789
"QLD",155,"BOWM","Bowman","","Informal",4102
"QLD",155,"BOWM","Bowman","PUP","WAYNE",11049
"QLD",155,"BOWM","Bowman","ALP","BRISKEY",25967
"QLD",155,"BOWM","Bowman","LNP","LAMING",42828
"QLD",155,"BOWM","Bowman","GRN","ALLMAN-PAYNE",5198
"QLD",155,"BOWM","Bowman","FFP","O'SHEA",1868
"QLD",156,"BRIS","Brisbane","","Informal",3504
"QLD",156,"BRIS","Brisbane","PUP","FORD",3643
"QLD",156,"BRIS","Brisbane","SPA","ROSE",602
"QLD",156,"BRIS","Brisbane","SPP","ROLES",564
"QLD",156,"BRIS","Brisbane","ALP","McNAMARA",26163
"QLD",156,"BRIS","Brisbane","LNP","GAMBARO",41681
"QLD",156,"BRIS","Brisbane","GRN","JACOBS",12452
"QLD",156,"BRIS","Brisbane","KAP","CICCHINI",951
"QLD",156,"BRIS","Brisbane","FFP","JOYNER",801
"QLD",157,"CAPR","Capricornia","KAP","WILLIAMS",4708
"QLD",157,"CAPR","Capricornia","FFP","ALLEY",3274
"QLD",157,"CAPR","Capricornia","","DIAMOND",1777
"QLD",157,"CAPR","Capricornia","","Informal",4614
"QLD",157,"CAPR","Capricornia","PUP","ISON",6747
"QLD",157,"CAPR","Capricornia","RUA","LEWIS",439
"QLD",157,"CAPR","Capricornia","ALP","FREELEAGUS",31450
"QLD",157,"CAPR","Capricornia","LNP","LANDRY",33608
"QLD",157,"CAPR","Capricornia","GRN","BAMBRICK",2910
"QLD",158,"DAWS","Dawson","","Informal",4463
"QLD",158,"DAWS","Dawson","CEC","HARRIS",345
"QLD",158,"DAWS","Dawson","PUP","FERGUSON",8777
"QLD",158,"DAWS","Dawson","ALP","TAHA",26030
"QLD",158,"DAWS","Dawson","LNP","CHRISTENSEN",40507
"QLD",158,"DAWS","Dawson","GRN","DYKYJ",4396
"QLD",158,"DAWS","Dawson","KAP","ENGLERT",5905
"QLD",158,"DAWS","Dawson","FFP","TEMPLE",1663
"QLD",252,"DICK","Dickson","","Informal",3819
"QLD",252,"DICK","Dickson","RUA","TAYLOR",585
"QLD",252,"DICK","Dickson","PUP","TAVERNER",8390
"QLD",252,"DICK","Dickson","LNP","DUTTON",41163
"QLD",252,"DICK","Dickson","ALP","GILLIVER",26848
"QLD",252,"DICK","Dickson","KAP","CORNWELL",1697
"QLD",252,"DICK","Dickson","GRN","D'LISLE",5507
"QLD",252,"DICK","Dickson","FFP","McDOWELL",1542
"QLD",159,"FADD","Fadden","","Informal",4925
"QLD",159,"FADD","Fadden","PUP","MacANALLY",11759
"QLD",159,"FADD","Fadden","ALP","LESSIO",17804
"QLD",159,"FADD","Fadden","LNP","ROBERT",42962
"QLD",159,"FADD","Fadden","GRN","MAIZEY",3995
"QLD",159,"FADD","Fadden","KAP","LAWRENCE",1088
"QLD",159,"FADD","Fadden","ON","BOYD",510
"QLD",159,"FADD","Fadden","IND","CARROLL",712
"QLD",159,"FADD","Fadden","FFP","FREDERICKS",1305
"QLD",160,"FAIR","Fairfax","","Informal",4569
"QLD",160,"FAIR","Fairfax","IND","BYRNES",1016
"QLD",160,"FAIR","Fairfax","PUP","PALMER",22409
"QLD",160,"FAIR","Fairfax","ALP","HUGHES",15429
"QLD",160,"FAIR","Fairfax","LNP","O'BRIEN",34959
"QLD",160,"FAIR","Fairfax","GRN","KNOBEL",7046
"QLD",160,"FAIR","Fairfax","KAP","SAWYER",1623
"QLD",160,"FAIR","Fairfax","ON","HOLT",709
"QLD",160,"FAIR","Fairfax","FFP","MEYER",1416
"QLD",161,"FISH","Fisher","","Informal",4803
"QLD",161,"FISH","Fisher","","SLIPPER",1207
"QLD",161,"FISH","Fisher","AIN","MAGUIRE",890
"QLD",161,"FISH","Fisher","PUP","SCHOCH",13559
"QLD",161,"FISH","Fisher","IND","TERRY",957
"QLD",161,"FISH","Fisher","RUA","CHRISTENSEN",305
"QLD",161,"FISH","Fisher","ALP","GISSANE",16297
"QLD",161,"FISH","Fisher","LNP","BROUGH",34619
"QLD",161,"FISH","Fisher","GRN","CLARIDGE",5908
"QLD",161,"FISH","Fisher","KAP","MELDON",2520
"QLD",161,"FISH","Fisher","FFP","MOORE",1593
"QLD",311,"FLYN","Flynn","","Informal",4725
"QLD",311,"FLYN","Flynn","PUP","ENSBY",7908
"QLD",311,"FLYN","Flynn","IND","SCOTT",792
"QLD",311,"FLYN","Flynn","ALP","TREVOR",28598
"QLD",311,"FLYN","Flynn","RUA","DICKINS",584
"QLD",311,"FLYN","Flynn","GRN","THOMPSON",1890
"QLD",311,"FLYN","Flynn","LNP","O'DOWD",39362
"QLD",311,"FLYN","Flynn","FFP","MOLDRE",1287
"QLD",311,"FLYN","Flynn","KAP","LOVE",3536
"QLD",311,"FLYN","Flynn","IND","TOMSETT",1573
"QLD",162,"FORD","Forde","","Informal",5948
"QLD",162,"FORD","Forde","CEC","PUKALLUS",130
"QLD",162,"FORD","Forde","PUP","BREWSTER",9445
"QLD",162,"FORD","Forde","RUA","JENNINGS",745
"QLD",162,"FORD","Forde","ALP","BEATTIE",25794
"QLD",162,"FORD","Forde","VCE","DOUGLAS",262
"QLD",162,"FORD","Forde","LNP","van MANEN",32271
"QLD",162,"FORD","Forde","GRN","SPAIN",3162
"QLD",162,"FORD","Forde","KAP","HUNTER",1652
"QLD",162,"FORD","Forde","IND","SLOSS",698
"QLD",162,"FORD","Forde","FFP","BEST",1701
"QLD",163,"GRIF","Griffith","","Informal",4323
"QLD",163,"GRIF","Griffith","IND","SOWDEN",705
"QLD",163,"GRIF","Griffith","PUP","HUNTER",2903
"QLD",163,"GRIF","Griffith","SPP","McNICOL",165
"QLD",163,"GRIF","Griffith","SPA","REID",445
"QLD",163,"GRIF","Griffith","RUA","CHURCH",418
"QLD",163,"GRIF","Griffith","SAL","FLENADY",377
"QLD",163,"GRIF","Griffith","ALP","RUDD",34878
"QLD",163,"GRIF","Griffith","LNP","GLASSON",36481
"QLD",163,"GRIF","Griffith","GRN","EBBS",8799
"QLD",163,"GRIF","Griffith","KAP","MURRAY",595
"QLD",163,"GRIF","Griffith","FFP","KERTESZ",643
"QLD",164,"GROO","Groom","","Informal",3656
"QLD",164,"GROO","Groom","CEC","THIES",743
"QLD",164,"GROO","Groom","PUP","MATHIESON",8225
"QLD",164,"GROO","Groom","RUA","ARMITAGE",1210
"QLD",164,"GROO","Groom","ALP","MURRAY",19451
"QLD",164,"GROO","Groom","LNP","MACFARLANE",48966
"QLD",164,"GROO","Groom","GRN","SMITH",3823
"QLD",164,"GROO","Groom","KAP","WHITTY",3243
"QLD",164,"GROO","Groom","FFP","TODD",2342
"QLD",165,"HERB","Herbert","","Informal",5379
"QLD",165,"HERB","Herbert","PUP","BREWSTER",7573
"QLD",165,"HERB","Herbert","RUA","MAROLLA",549
"QLD",165,"HERB","Herbert","ALP","O'TOOLE",25051
"QLD",165,"HERB","Herbert","LNP","JONES",36952
"QLD",165,"HERB","Herbert","GRN","HAMILTON",4463
"QLD",165,"HERB","Herbert","VCE","BELL",383
"QLD",165,"HERB","Herbert","KAP","WALKER",6890
"QLD",165,"HERB","Herbert","ON","MOIR",710
"QLD",165,"HERB","Herbert","ASXP","GEORGE",1576
"QLD",165,"HERB","Herbert","FFP","PUNSHON",1106
"QLD",166,"HINK","Hinkler","","Informal",4399
"QLD",166,"HINK","Hinkler","PUP","MESSENGER",14990
"QLD",166,"HINK","Hinkler","ALP","DONALDSON",23442
"QLD",166,"HINK","Hinkler","LNP","PITT",38005
"QLD",166,"HINK","Hinkler","GRN","SIMPSON",2308
"QLD",166,"HINK","Hinkler","KAP","DALGLEISH",3887
"QLD",166,"HINK","Hinkler","FFP","SULLIVAN",1590
"QLD",166,"HINK","Hinkler","IND","SCHIRMER",706
"QLD",167,"KENN","Kennedy","","Informal",4828
"QLD",167,"KENN","Kennedy","PUP","BRAZIER",6419
"QLD",167,"KENN","Kennedy","RUA","HECHT",508
"QLD",167,"KENN","Kennedy","LNP","IKIN",34344
"QLD",167,"KENN","Kennedy","GRN","STIRLING",2727
"QLD",167,"KENN","Kennedy","ALP","TURNOUR",13777
"QLD",167,"KENN","Kennedy","KAP","KATTER",24691
"QLD",167,"KENN","Kennedy","FFP","VOGLER",1064
"QLD",167,"KENN","Kennedy","IND","TUXFORD",571
"QLD",168,"LEIC","Leichhardt","","Informal",4939
"QLD",168,"LEIC","Leichhardt","PUP","GIBSON",7326
"QLD",168,"LEIC","Leichhardt","RUA","EDWARDS",476
"QLD",168,"LEIC","Leichhardt","ALP","GORDON",27920
"QLD",168,"LEIC","Leichhardt","LNP","ENTSCH",38795
"QLD",168,"LEIC","Leichhardt","GRN","KLOOT",5646
"QLD",168,"LEIC","Leichhardt","KAP","RYAN",3677
"QLD",168,"LEIC","Leichhardt","FFP","MILES",1876
"QLD",169,"LILL","Lilley","","Informal",4314
"QLD",169,"LILL","Lilley","CEC","CONTARINO",344
"QLD",169,"LILL","Lilley","PUP","FIGUEROA",6193
"QLD",169,"LILL","Lilley","ALP","SWAN",36228
"QLD",169,"LILL","Lilley","LNP","McGARVIE",37232
"QLD",169,"LILL","Lilley","GRN","FORSTER",6908
"QLD",169,"LILL","Lilley","KAP","RYAN",1899
"QLD",169,"LILL","Lilley","FFP","VINCENT",1297
"QLD",302,"LONG","Longman","","Informal",4473
"QLD",302,"LONG","Longman","ALP","CAISLEY",25683
"QLD",302,"LONG","Longman","PUP","VAN DER WEEGEN",10714
"QLD",302,"LONG","Longman","GRN","FAIRWEATHER",3304
"QLD",302,"LONG","Longman","LNP","ROY",37570
"QLD",302,"LONG","Longman","ASXP","GOEYTES",1283
"QLD",302,"LONG","Longman","KAP","KENNEDY",2364
"QLD",302,"LONG","Longman","FFP","SMITH",1977
"QLD",302,"LONG","Longman","IND","WELLS",895
"QLD",170,"MARA","Maranoa","","Informal",4124
"QLD",170,"MARA","Maranoa","PUP","BJELKE-PETERSEN",12506
"QLD",170,"MARA","Maranoa","RUA","CLOUSTON",861
"QLD",170,"MARA","Maranoa","ALP","CEDRIC-THOMPSON",14649
"QLD",170,"MARA","Maranoa","LNP","SCOTT",51622
"QLD",170,"MARA","Maranoa","GRN","NEWSON",2762
"QLD",170,"MARA","Maranoa","KAP","WALTON",5027
"QLD",170,"MARA","Maranoa","FFP","SPELLMAN",2481
"QLD",171,"MCPH","McPherson","","Informal",4559
"QLD",171,"MCPH","McPherson","PUP","DOUGLAS",13203
"QLD",171,"MCPH","McPherson","ALP","HISLOP",18866
"QLD",171,"MCPH","McPherson","LNP","ANDREWS",41594
"QLD",171,"MCPH","McPherson","GRN","WYATT",5689
"QLD",171,"MCPH","McPherson","FFP","GREEN",3084
"QLD",171,"MCPH","McPherson","VCE","BLAKE",491
"QLD",172,"MONC","Moncrieff","","Informal",4839
"QLD",172,"MONC","Moncrieff","CEC","SPAJIC",330
"QLD",172,"MONC","Moncrieff","PUP","PFORR",10882
"QLD",172,"MONC","Moncrieff","GRN","McPHERSON",5127
"QLD",172,"MONC","Moncrieff","LNP","CIOBO",44295
"QLD",172,"MONC","Moncrieff","ALP","MUNRO",16562
"QLD",172,"MONC","Moncrieff","ON","BERIC",600
"QLD",172,"MONC","Moncrieff","FFP","NICHOLSON",1744
"QLD",173,"MORE","Moreton","","Informal",4912
"QLD",173,"MORE","Moreton","CEC","GRUNERT",208
"QLD",173,"MORE","Moreton","PUP","DAVEY",4147
"QLD",173,"MORE","Moreton","FUT","MUSCAT",481
"QLD",173,"MORE","Moreton","RUA","FRY",303
"QLD",173,"MORE","Moreton","ALP","PERRETT",31932
"QLD",173,"MORE","Moreton","LNP","COLE",34824
"QLD",173,"MORE","Moreton","GRN","JENKINS",8234
"QLD",173,"MORE","Moreton","KAP","MALLCOTT",1070
"QLD",173,"MORE","Moreton","FFP","FERRANDO",1250
"QLD",174,"OXLE","Oxley","","Informal",5619
"QLD",174,"OXLE","Oxley","DLP","KARG",1075
"QLD",174,"OXLE","Oxley","PUP","TANG",5368
"QLD",174,"OXLE","Oxley","RUA","MOERLAND",400
"QLD",174,"OXLE","Oxley","ALP","RIPOLL",32589
"QLD",174,"OXLE","Oxley","LNP","NGUYEN",29064
"QLD",174,"OXLE","Oxley","GRN","STEPHENSON",4072
"QLD",174,"OXLE","Oxley","KAP","HEWLETT",1499
"QLD",174,"OXLE","Oxley","FFP","McCORMACK",1551
"QLD",175,"PETR","Petrie","","Informal",4530
"QLD",175,"PETR","Petrie","CEC","CORNELL",192
"QLD",175,"PETR","Petrie","PUP","PROHASKA",8422
"QLD",175,"PETR","Petrie","RUA","JENNINGS",920
"QLD",175,"PETR","Petrie","ALP","D'ATH",32630
"QLD",175,"PETR","Petrie","LNP","HOWARTH",33570
"QLD",175,"PETR","Petrie","GRN","MARSHALL",3729
"QLD",175,"PETR","Petrie","KAP","THOMSON",1336
"QLD",175,"PETR","Petrie","FFP","SPENCE",1774
"QLD",176,"RANK","Rankin","","Informal",5840
"QLD",176,"RANK","Rankin","PUP","ROGAN",9228
"QLD",176,"RANK","Rankin","ALP","CHALMERS",35098
"QLD",176,"RANK","Rankin","LNP","LIN",30260
"QLD",176,"RANK","Rankin","GRN","COTTER",4405
"QLD",176,"RANK","Rankin","KAP","CLAYDON",1697
"QLD",176,"RANK","Rankin","FFP","LAWRIE",2514
"QLD",177,"RYAN","Ryan","","Informal",3078
"QLD",177,"RYAN","Ryan","PUP","GUNNIS",4558
"QLD",177,"RYAN","Ryan","SPA","SWEEDMAN",761
"QLD",177,"RYAN","Ryan","ALP","HAMWOOD",23385
"QLD",177,"RYAN","Ryan","LNP","PRENTICE",47366
"QLD",177,"RYAN","Ryan","GRN","WORRINGHAM",13235
"QLD",177,"RYAN","Ryan","KAP","WALKER",1140
"QLD",177,"RYAN","Ryan","FFP","DEMEDIO",1213
"QLD",178,"WBAY","Wide Bay","","Informal",4199
"QLD",178,"WBAY","Wide Bay","PUP","ANDERSON",13574
"QLD",178,"WBAY","Wide Bay","RUA","DICKINS",517
"QLD",178,"WBAY","Wide Bay","ALP","STANTON",17697
"QLD",178,"WBAY","Wide Bay","LNP","TRUSS",41767
"QLD",178,"WBAY","Wide Bay","GRN","RINGROSE",5596
"QLD",178,"WBAY","Wide Bay","KAP","DALE",5022
"QLD",178,"WBAY","Wide Bay","FFP","CHAPMAN",1286
"QLD",316,"WRIG","Wright","IND","WRIGHT",1810
"QLD",316,"WRIG","Wright","","Informal",4276
"QLD",316,"WRIG","Wright","RUA","MAUNDER",565
"QLD",316,"WRIG","Wright","PUP","ISON",11691
"QLD",316,"WRIG","Wright","LNP","BUCHHOLZ",38630
"QLD",316,"WRIG","Wright","ALP","MURAKAMI",17267
"QLD",316,"WRIG","Wright","KAP","NEUENDORF",4332
"QLD",316,"WRIG","Wright","GRN","SUMMERS",4358
"QLD",316,"WRIG","Wright","FFP","LYNCH",2087
"SA",179,"ADEL","Adelaide","","Informal",3770
"SA",179,"ADEL","Adelaide","LP","GARCIA",38463
"SA",179,"ADEL","Adelaide","ALP","ELLIS",38650
"SA",179,"ADEL","Adelaide","PUP","SCALI",1943
"SA",179,"ADEL","Adelaide","GRN","BEACH",9251
"SA",179,"ADEL","Adelaide","SAL","LAZAROU",980
"SA",179,"ADEL","Adelaide","FFP","LEE",2169
"SA",180,"BARK","Barker","","Informal",5259
"SA",180,"BARK","Barker","IND","SAGE",6617
"SA",180,"BARK","Barker","LP","PASIN",48678
"SA",180,"BARK","Barker","ALP","GOLDING",16993
"SA",180,"BARK","Barker","PUP","JHANDI",3623
"SA",180,"BARK","Barker","NP","HANNEMANN",4021
"SA",180,"BARK","Barker","GRN","KEOUGH",5224
"SA",180,"BARK","Barker","FFP","LAMBERT",7368
"SA",182,"BOOT","Boothby","","Informal",3400
"SA",182,"BOOT","Boothby","LP","SOUTHCOTT",47484
"SA",182,"BOOT","Boothby","ALP","DIGANCE",29018
"SA",182,"BOOT","Boothby","PUP","COX",2835
"SA",182,"BOOT","Boothby","GRN","THOMAS",11287
"SA",182,"BOOT","Boothby","FFP","EDMONDS",3683
"SA",183,"GREY","Grey","","Informal",5063
"SA",183,"GREY","Grey","IND","FIDGE",2488
"SA",183,"GREY","Grey","LP","RAMSEY",49334
"SA",183,"GREY","Grey","ALP","BROWNE",24205
"SA",183,"GREY","Grey","PUP","REES",4457
"SA",183,"GREY","Grey","GRN","SENTANCE",3289
"SA",183,"GREY","Grey","FFP","KAMINSKI",4878
"SA",185,"HIND","Hindmarsh","","Informal",4847
"SA",185,"HIND","Hindmarsh","LP","WILLIAMS",43639
"SA",185,"HIND","Hindmarsh","ALP","GEORGANAS",35876
"SA",185,"HIND","Hindmarsh","PUP","MELISSOURGOS",2332
"SA",185,"HIND","Hindmarsh","KAP","McKAY",599
"SA",185,"HIND","Hindmarsh","GRN","PAYNE",8360
"SA",185,"HIND","Hindmarsh","DLP","McCABE",834
"SA",185,"HIND","Hindmarsh","FFP","RANDALL",2883
"SA",186,"KING","Kingston","","Informal",4697
"SA",186,"KING","Kingston","LP","MILLS",28492
"SA",186,"KING","Kingston","ALP","RISHWORTH",43328
"SA",186,"KING","Kingston","RUA","SNOSWELL",1191
"SA",186,"KING","Kingston","PUP","FROST",3709
"SA",186,"KING","Kingston","GRN","MOORE",6062
"SA",186,"KING","Kingston","FFP","DOECKE",5168
"SA",187,"MAKI","Makin","","Informal",4717
"SA",187,"MAKI","Makin","LP","LAWRIE",34192
"SA",187,"MAKI","Makin","ALP","ZAPPIA",41873
"SA",187,"MAKI","Makin","PUP","GRAHAM",3818
"SA",187,"MAKI","Makin","KAP","JAMESON",705
"SA",187,"MAKI","Makin","GRN","HARRISON",5429
"SA",187,"MAKI","Makin","FFP","POTTER",5891
"SA",188,"MAYO","Mayo","","Informal",3684
"SA",188,"MAYO","Mayo","LP","BRIGGS",49195
"SA",188,"MAYO","Mayo","ALP","FAHY",19325
"SA",188,"MAYO","Mayo","PUP","BRAR",3434
"SA",188,"MAYO","Mayo","GRN","GROSSER",12931
"SA",188,"MAYO","Mayo","FFP","HICKS",6525
"SA",189,"PADE","Port Adelaide","","Informal",6020
"SA",189,"PADE","Port Adelaide","LP","MCKENNA",23955
"SA",189,"PADE","Port Adelaide","ALP","BUTLER",46024
"SA",189,"PADE","Port Adelaide","PUP","HUYNH",5227
"SA",189,"PADE","Port Adelaide","AFN","COOKSLEY",1116
"SA",189,"PADE","Port Adelaide","GRN","POPOVIC",7834
"SA",189,"PADE","Port Adelaide","FFP","HAMBOUR",6843
"SA",190,"STUR","Sturt","","Informal",4303
"SA",190,"STUR","Sturt","LP","PYNE",49429
"SA",190,"STUR","Sturt","ALP","SARRE",26258
"SA",190,"STUR","Sturt","PUP","SCALI",2713
"SA",190,"STUR","Sturt","GRN","WALKER",8902
"SA",190,"STUR","Sturt","FFP","BARNES",3565
"SA",191,"WAKE","Wakefield","","Informal",5479
"SA",191,"WAKE","Wakefield","LP","ZORICH",34425
"SA",191,"WAKE","Wakefield","IND","ALDRIDGE",3729
"SA",191,"WAKE","Wakefield","ALP","CHAMPION",37723
"SA",191,"WAKE","Wakefield","KAP","MUSOLINO",964
"SA",191,"WAKE","Wakefield","PUP","MUSOLINO",3890
"SA",191,"WAKE","Wakefield","GRN","CLAY",4683
"SA",191,"WAKE","Wakefield","FFP","COOMBE",5436
"TAS",192,"BASS","Bass","","Informal",2850
"TAS",192,"BASS","Bass","LP","NIKOLIC",31267
"TAS",192,"BASS","Bass","GRN","LANDON-LANE",5160
"TAS",192,"BASS","Bass","ALP","LYONS",22643
"TAS",192,"BASS","Bass","PUP","DOBSON",3520
"TAS",192,"BASS","Bass","FFP","BERGMAN",1407
"TAS",192,"BASS","Bass","SPA","CHOI",384
"TAS",192,"BASS","Bass","AUC","KROEZE",963
"TAS",193,"BRAD","Braddon","","Informal",2428
"TAS",193,"BRAD","Braddon","LP","WHITELEY",30904
"TAS",193,"BRAD","Braddon","GRN","HOUGHTON",3410
"TAS",193,"BRAD","Braddon","ALP","SIDEBOTTOM",24791
"TAS",193,"BRAD","Braddon","PUP","MORGAN",6125
"TAS",193,"BRAD","Braddon","RUA","SHAW",726
"TAS",194,"DENI","Denison","","Informal",2856
"TAS",194,"DENI","Denison","IND","WILKIE",24688
"TAS",194,"DENI","Denison","LP","DENISON",15058
"TAS",194,"DENI","Denison","SPP","HOULT",124
"TAS",194,"DENI","Denison","GRN","REYNOLDS",5133
"TAS",194,"DENI","Denison","ALP","AUSTIN",16043
"TAS",194,"DENI","Denison","PUP","THURLEY",1576
"TAS",194,"DENI","Denison","RUA","DEVLIN",179
"TAS",194,"DENI","Denison","FFP","McCALLUM",593
"TAS",194,"DENI","Denison","DLP","WILLIAMS",554
"TAS",194,"DENI","Denison","ASXP","BUTLER",877
"TAS",195,"FRAN","Franklin","","Informal",2639
"TAS",195,"FRAN","Franklin","LP","BLACK",26070
"TAS",195,"FRAN","Franklin","GRN","WOODRUFF",8201
"TAS",195,"FRAN","Franklin","ALP","COLLINS",26893
"TAS",195,"FRAN","Franklin","PUP","ZUCCO",4108
"TAS",195,"FRAN","Franklin","RUA","BOWDEN",330
"TAS",195,"FRAN","Franklin","KAP","UGALDE",478
"TAS",195,"FRAN","Franklin","FFP","DOWNES",1264
"TAS",196,"LYON","Lyons","","Informal",3119
"TAS",196,"LYON","Lyons","LP","HUTCHINSON",29662
"TAS",196,"LYON","Lyons","GRN","BRINKLOW",5563
"TAS",196,"LYON","Lyons","ALP","ADAMS",24607
"TAS",196,"LYON","Lyons","PUP","VON STIEGLITZ",4697
"TAS",196,"LYON","Lyons","RUA","ROGERS",589
"TAS",196,"LYON","Lyons","FFP","JAMES",1707
"VIC",197,"ASTO","Aston","","Informal",4047
"VIC",197,"ASTO","Aston","ALP","EVANS",27850
"VIC",197,"ASTO","Aston","GRN","RAYMOND",5017
"VIC",197,"ASTO","Aston","LP","TUDGE",44030
"VIC",197,"ASTO","Aston","PUP","WATT",3206
"VIC",197,"ASTO","Aston","ASXP","JENKINS",2295
"VIC",197,"ASTO","Aston","RUA","SPEER",581
"VIC",197,"ASTO","Aston","FFP","FOSTER",2362
"VIC",198,"BALL","Ballarat","","Informal",4578
"VIC",198,"BALL","Ballarat","ALP","KING",39251
"VIC",198,"BALL","Ballarat","GRN","HODGINS-MAY",8911
"VIC",198,"BALL","Ballarat","LP","FITZGIBBON",35592
"VIC",198,"BALL","Ballarat","AUC","FOSTER",1139
"VIC",198,"BALL","Ballarat","PUP","MURPHY",3396
"VIC",198,"BALL","Ballarat","ASXP","MATHIESON",2135
"VIC",198,"BALL","Ballarat","DLP","VEREKER",1022
"VIC",198,"BALL","Ballarat","RUA","ROJAS",229
"VIC",198,"BALL","Ballarat","KAP","DUNNE",849
"VIC",198,"BALL","Ballarat","FFP","CLARK",1139
"VIC",199,"BATM","Batman","","Informal",5450
"VIC",199,"BATM","Batman","ALP","FEENEY",36798
"VIC",199,"BATM","Batman","GRN","BHATHAL",23522
"VIC",199,"BATM","Batman","LP","SOURIS",20017
"VIC",199,"BATM","Batman","PUP","GUARDIANI",2253
"VIC",199,"BATM","Batman","ASXP","SLIWCZYNSKI",2301
"VIC",199,"BATM","Batman","AJP","LAVIN",1250
"VIC",199,"BATM","Batman","RUA","WINTERTON",1121
"VIC",199,"BATM","Batman","","SUTTON",726
"VIC",199,"BATM","Batman","FFP","SMITHIES",1126
"VIC",200,"BEND","Bendigo","","Informal",5600
"VIC",200,"BEND","Bendigo","ALP","CHESTERS",33829
"VIC",200,"BEND","Bendigo","GRN","SLADE",8600
"VIC",200,"BEND","Bendigo","LP","BICKLEY",36701
"VIC",200,"BEND","Bendigo","AUC","MCDONALD",567
"VIC",200,"BEND","Bendigo","PUP","DONLON",2336
"VIC",200,"BEND","Bendigo","CYA","LEUNIG",538
"VIC",200,"BEND","Bendigo","NP","SHEEDY",4644
"VIC",200,"BEND","Bendigo","ASXP","CRUTCHFIELD",2220
"VIC",200,"BEND","Bendigo","RUA","CADDY",499
"VIC",200,"BEND","Bendigo","KAP","STINGEL",745
"VIC",200,"BEND","Bendigo","IND","ABIKHAIR",545
"VIC",200,"BEND","Bendigo","IND","RAHMANI",259
"VIC",200,"BEND","Bendigo","FFP","HOWARD",1036
"VIC",201,"BRUC","Bruce","","Informal",4810
"VIC",201,"BRUC","Bruce","ALP","GRIFFIN",34626
"VIC",201,"BRUC","Bruce","GRN","KELEHER",5491
"VIC",201,"BRUC","Bruce","LP","CICCHIELLO",35501
"VIC",201,"BRUC","Bruce","PUP","TUYAU",2173
"VIC",201,"BRUC","Bruce","DLP","GONSALVEZ",1334
"VIC",201,"BRUC","Bruce","RUA","WHITE",652
"VIC",201,"BRUC","Bruce","IND","UTH",682
"VIC",201,"BRUC","Bruce","FFP","FILLIPONI",2186
"VIC",203,"CALW","Calwell","","Informal",7398
"VIC",203,"CALW","Calwell","ALP","VAMVAKINOU",42819
"VIC",203,"CALW","Calwell","GRN","NEVILL",4632
"VIC",203,"CALW","Calwell","LP","KHAN",24490
"VIC",203,"CALW","Calwell","AUC","BENGTSSON",2121
"VIC",203,"CALW","Calwell","PUP","LETCHER",3728
"VIC",203,"CALW","Calwell","ASXP","SPIROVSKA",2367
"VIC",203,"CALW","Calwell","DLP","OMAR",1310
"VIC",203,"CALW","Calwell","RUA","ROZARIO",415
"VIC",203,"CALW","Calwell","KAP","WATSON",1915
"VIC",203,"CALW","Calwell","FFP","GRAHAM",2175
"VIC",204,"CASE","Casey","","Informal",4291
"VIC",204,"CASE","Casey","GRN","MEACHER",9641
"VIC",204,"CASE","Casey","ALP","FARRELL",24651
"VIC",204,"CASE","Casey","LP","SMITH",43538
"VIC",204,"CASE","Casey","PUP","WILDE",4413
"VIC",204,"CASE","Casey","CYA","LEAKE",986
"VIC",204,"CASE","Casey","RUA","BARBIERI",446
"VIC",204,"CASE","Casey","AUC","BROWN",1126
"VIC",204,"CASE","Casey","IND","McRAE",1358
"VIC",204,"CASE","Casey","FFP","COOMBES",2370
"VIC",205,"CHIS","Chisholm","","Informal",3802
"VIC",205,"CHIS","Chisholm","ALP","BURKE",34015
"VIC",205,"CHIS","Chisholm","GRN","FERGEUS",8133
"VIC",205,"CHIS","Chisholm","LP","NGUYEN",37990
"VIC",205,"CHIS","Chisholm","SPA","JAYARATNE",345
"VIC",205,"CHIS","Chisholm","PUP","WOODS",1405
"VIC",205,"CHIS","Chisholm","ASXP","GROSSI",1762
"VIC",205,"CHIS","Chisholm","DLP","SHEA",860
"VIC",205,"CHIS","Chisholm","RUA","VASSILIOU",650
"VIC",205,"CHIS","Chisholm","FFP","MYSZKA",949
"VIC",207,"CORA","Corangamite","","Informal",4304
"VIC",207,"CORA","Corangamite","ALP","CHEESEMAN",29728
"VIC",207,"CORA","Corangamite","GRN","DAVIES",11007
"VIC",207,"CORA","Corangamite","LP","HENDERSON",44778
"VIC",207,"CORA","Corangamite","AUC","BARRON",499
"VIC",207,"CORA","Corangamite","PUP","ROJEK",2026
"VIC",207,"CORA","Corangamite","CYA","JACKMAN",408
"VIC",207,"CORA","Corangamite","NP","BLACK",598
"VIC",207,"CORA","Corangamite","ASXP","MILLARD",1726
"VIC",207,"CORA","Corangamite","RUA","RASHLEIGH",273
"VIC",207,"CORA","Corangamite","APP","STEEL",156
"VIC",207,"CORA","Corangamite","IND","WHITEHEAD",694
"VIC",207,"CORA","Corangamite","FFP","WRAY",908
"VIC",208,"CORI","Corio","","Informal",5049
"VIC",208,"CORI","Corio","IND","ASHER",1958
"VIC",208,"CORI","Corio","ALP","MARLES",39267
"VIC",208,"CORI","Corio","GRN","LACEY",6593
"VIC",208,"CORI","Corio","LP","READ",31768
"VIC",208,"CORI","Corio","AUC","ATHERTON",549
"VIC",208,"CORI","Corio","SAL","BULL",679
"VIC",208,"CORI","Corio","PUP","HARRINGTON",5122
"VIC",208,"CORI","Corio","ASXP","MARTIN",2492
"VIC",208,"CORI","Corio","RUA","LEGRAND",364
"VIC",208,"CORI","Corio","FFP","FENN",1461
"VIC",209,"DEAK","Deakin","","Informal",3989
"VIC",209,"DEAK","Deakin","IND","BARCLAY",1519
"VIC",209,"DEAK","Deakin","ALP","SYMON",28883
"VIC",209,"DEAK","Deakin","GRN","POWELL",9560
"VIC",209,"DEAK","Deakin","LP","SUKKAR",40482
"VIC",209,"DEAK","Deakin","AUC","DOBBY",1698
"VIC",209,"DEAK","Deakin","PUP","GUARDIANI",1949
"VIC",209,"DEAK","Deakin","CYA","SMITH",261
"VIC",209,"DEAK","Deakin","ASXP","BARBER",1856
"VIC",209,"DEAK","Deakin","AFN","CARBONARI",212
"VIC",209,"DEAK","Deakin","RUA","DE ZILWA",327
"VIC",209,"DEAK","Deakin","KAP","RASKOVY",293
"VIC",209,"DEAK","Deakin","FFP","WESTBROOK",1200
"VIC",210,"DUNK","Dunkley","","Informal",4424
"VIC",210,"DUNK","Dunkley","IND","BROFF",516
"VIC",210,"DUNK","Dunkley","GRN","TILLER",8199
"VIC",210,"DUNK","Dunkley","ALP","KILKENNY",27155
"VIC",210,"DUNK","Dunkley","LP","BILLSON",42869
"VIC",210,"DUNK","Dunkley","PUP","RYDER",3707
"VIC",210,"DUNK","Dunkley","ASXP","PALMI",2589
"VIC",210,"DUNK","Dunkley","RUA","GENTLE",477
"VIC",210,"DUNK","Dunkley","IND","BURT",740
"VIC",210,"DUNK","Dunkley","FFP","EASTMAN",1682
"VIC",211,"FLIN","Flinders","","Informal",4916
"VIC",211,"FLIN","Flinders","ALP","SINCLAIR",23666
"VIC",211,"FLIN","Flinders","GRN","RUSH",9148
"VIC",211,"FLIN","Flinders","LP","HUNT",51972
"VIC",211,"FLIN","Flinders","AUC","BELSAR",523
"VIC",211,"FLIN","Flinders","NCP","ZABANEH",215
"VIC",211,"FLIN","Flinders","PUP","CLARK",5639
"VIC",211,"FLIN","Flinders","RUA","DORIAN",481
"VIC",211,"FLIN","Flinders","IND","McCORMACK",478
"VIC",211,"FLIN","Flinders","IND","MADIGAN",708
"VIC",211,"FLIN","Flinders","FFP","CLARK",1091
"VIC",212,"GELL","Gellibrand","","Informal",5202
"VIC",212,"GELL","Gellibrand","ALP","WATTS",40236
"VIC",212,"GELL","Gellibrand","GRN","SWIFT",14623
"VIC",212,"GELL","Gellibrand","LP","McCONNELL",23343
"VIC",212,"GELL","Gellibrand","AUC","O'NEILL",967
"VIC",212,"GELL","Gellibrand","PUP","SINGLETON",3413
"VIC",212,"GELL","Gellibrand","ASXP","CASHION",2540
"VIC",212,"GELL","Gellibrand","FFP","ARCH",2266
"VIC",213,"GIPP","Gippsland","","Informal",5629
"VIC",213,"GIPP","Gippsland","ALP","McNEILL",20467
"VIC",213,"GIPP","Gippsland","GRN","CAMPBELL-SMITH",5039
"VIC",213,"GIPP","Gippsland","SPA","GUERIN",201
"VIC",213,"GIPP","Gippsland","IND","GARDNER",1992
"VIC",213,"GIPP","Gippsland","PUP","GRAVENALL",3785
"VIC",213,"GIPP","Gippsland","CYA","MANGION",623
"VIC",213,"GIPP","Gippsland","NP","CHESTER",47533
"VIC",213,"GIPP","Gippsland","ASXP","LEITCH",2101
"VIC",213,"GIPP","Gippsland","RUA","DORIAN",367
"VIC",213,"GIPP","Gippsland","LDP","BUCKLEY",4716
"VIC",213,"GIPP","Gippsland","FFP","FOSTER",1591
"VIC",214,"GOLD","Goldstein","","Informal",3121
"VIC",214,"GOLD","Goldstein","ALP","GUTTMANN",21591
"VIC",214,"GOLD","Goldstein","GRN","READ",14408
"VIC",214,"GOLD","Goldstein","LP","ROBB",51193
"VIC",214,"GOLD","Goldstein","PUP","RYDER",2044
"VIC",214,"GOLD","Goldstein","RUA","HANNIE",604
"VIC",214,"GOLD","Goldstein","FFP","JOYNER",751
"VIC",309,"GORT","Gorton","","Informal",6706
"VIC",309,"GORT","Gorton","ALP","O'CONNOR",44449
"VIC",309,"GORT","Gorton","GRN","JAYASURIYA",5597
"VIC",309,"GORT","Gorton","LP","HUMPHREYS",22328
"VIC",309,"GORT","Gorton","AUC","CHADHUOL",1132
"VIC",309,"GORT","Gorton","PUP","BARNES",5238
"VIC",309,"GORT","Gorton","ASXP","HUNTER",2850
"VIC",309,"GORT","Gorton","DLP","DEVERALA",2392
"VIC",309,"GORT","Gorton","KAP","MACARDY",1090
"VIC",309,"GORT","Gorton","FFP","AMBERLEY",2538
"VIC",215,"HIGG","Higgins","","Informal",3239
"VIC",215,"HIGG","Higgins","IND","WEBER",1663
"VIC",215,"HIGG","Higgins","ALP","CHAU",21027
"VIC",215,"HIGG","Higgins","GRN","HARRISON",14669
"VIC",215,"HIGG","Higgins","LP","O'DWYER",47467
"VIC",215,"HIGG","Higgins","PUP","DALL",1385
"VIC",215,"HIGG","Higgins","RUA","PRICE",354
"VIC",215,"HIGG","Higgins","FFP","BALDWIN",742
"VIC",216,"HOLT","Holt","","Informal",5789
"VIC",216,"HOLT","Holt","ALP","BYRNE",43096
"VIC",216,"HOLT","Holt","GRN","McCULLOUGH",3469
"VIC",216,"HOLT","Holt","AUC","HILL",1232
"VIC",216,"HOLT","Holt","LP","BALANCY",29181
"VIC",216,"HOLT","Holt","PUP","SINGH",4931
"VIC",216,"HOLT","Holt","ASXP","SMITH",2514
"VIC",216,"HOLT","Holt","DLP","PALMA",1835
"VIC",216,"HOLT","Holt","RUA","ELI",933
"VIC",216,"HOLT","Holt","FFP","KEENAN",2232
"VIC",217,"HOTH","Hotham","","Informal",4365
"VIC",217,"HOTH","Hotham","GRN","WYATT",7327
"VIC",217,"HOTH","Hotham","LP","CADER",31929
"VIC",217,"HOTH","Hotham","PUP","PORTER",2981
"VIC",217,"HOTH","Hotham","ALP","O'NEIL",40512
"VIC",217,"HOTH","Hotham","RUA","VASSILIOU",1392
"VIC",217,"HOTH","Hotham","FFP","NOWLAND",1818
"VIC",218,"INDI","Indi","FFP","LEEWORTHY",1330
"VIC",218,"INDI","Indi","","Informal",4774
"VIC",218,"INDI","Indi","IND","McGOWAN",27763
"VIC",218,"INDI","Indi","ALP","WALSH",10375
"VIC",218,"INDI","Indi","GRN","O'CONNOR",3041
"VIC",218,"INDI","Indi","LP","MIRABELLA",39785
"VIC",218,"INDI","Indi","PUP","MURPHY",2417
"VIC",218,"INDI","Indi","ASXP","ASCHENBRENNER",1402
"VIC",218,"INDI","Indi","IND","PODESTA",841
"VIC",218,"INDI","Indi","RUA","DUDLEY",985
"VIC",218,"INDI","Indi","KAP","ROURKE",615
"VIC",218,"INDI","Indi","BTA","HAYES",489
"VIC",219,"ISAA","Isaacs","","Informal",4375
"VIC",219,"ISAA","Isaacs","ALP","DREYFUS",35837
"VIC",219,"ISAA","Isaacs","GRN","MILES",6120
"VIC",219,"ISAA","Isaacs","LP","SPENCER",34864
"VIC",219,"ISAA","Isaacs","AUC","DOBBY",743
"VIC",219,"ISAA","Isaacs","PUP","GILL",2846
"VIC",219,"ISAA","Isaacs","ASXP","GRAHAM",2093
"VIC",219,"ISAA","Isaacs","DLP","LEACH",1144
"VIC",219,"ISAA","Isaacs","RUA","SEAMAN",558
"VIC",219,"ISAA","Isaacs","FFP","ELLIOTT",2503
"VIC",220,"JAGA","Jagajaga","","Informal",3549
"VIC",220,"JAGA","Jagajaga","ALP","MACKLIN",34813
"VIC",220,"JAGA","Jagajaga","GRN","KEARNEY",11863
"VIC",220,"JAGA","Jagajaga","LP","McGOWAN",38422
"VIC",220,"JAGA","Jagajaga","PUP","SNAPE",2452
"VIC",220,"JAGA","Jagajaga","ASXP","WALLIS",2565
"VIC",220,"JAGA","Jagajaga","FFP","EADIE",1490
"VIC",221,"KOOY","Kooyong","","Informal",3073
"VIC",221,"KOOY","Kooyong","ALP","KENNEDY",19655
"VIC",221,"KOOY","Kooyong","GRN","McLEOD",14526
"VIC",221,"KOOY","Kooyong","LP","FRYDENBERG",48802
"VIC",221,"KOOY","Kooyong","PUP","McNAMARA",1406
"VIC",221,"KOOY","Kooyong","RUA","KRIEDEMANN",327
"VIC",221,"KOOY","Kooyong","IND","HARRISON",1464
"VIC",221,"KOOY","Kooyong","IND","ZUBAC",621
"VIC",221,"KOOY","Kooyong","FFP","CALDER",825
"VIC",222,"LALO","Lalor","","Informal",6630
"VIC",222,"LALO","Lalor","ALP","RYAN",42184
"VIC",222,"LALO","Lalor","GRN","SHEFFIELD-BROTHERTON",5615
"VIC",222,"LALO","Lalor","LP","SAMARA",27321
"VIC",222,"LALO","Lalor","SPP","PAGE",359
"VIC",222,"LALO","Lalor","AUC","ROGERS",1535
"VIC",222,"LALO","Lalor","PUP","ZAPPIA",5416
"VIC",222,"LALO","Lalor","ASXP","HARWOOD",3004
"VIC",222,"LALO","Lalor","DLP","FREEMAN",1768
"VIC",222,"LALO","Lalor","RUA","VALE",1684
"VIC",222,"LALO","Lalor","IND","MULLINS",1842
"VIC",222,"LALO","Lalor","FFP","POLLARD",2653
"VIC",223,"LTRO","La Trobe","","Informal",4083
"VIC",223,"LTRO","La Trobe","ALP","SMYTH",28488
"VIC",223,"LTRO","La Trobe","GRN","SCHILLING",8905
"VIC",223,"LTRO","La Trobe","LP","WOOD",40925
"VIC",223,"LTRO","La Trobe","PUP","KENNEDY",4514
"VIC",223,"LTRO","La Trobe","ASXP","LEAHY",2475
"VIC",223,"LTRO","La Trobe","DLP","JENKINS",1168
"VIC",223,"LTRO","La Trobe","RUA","SEAMAN",711
"VIC",223,"LTRO","La Trobe","FFP","MARTIN",1680
"VIC",224,"MALL","Mallee","","Informal",6373
"VIC",224,"MALL","Mallee","CEC","LAHY",241
"VIC",224,"MALL","Mallee","ALP","SENIOR",15020
"VIC",224,"MALL","Mallee","GRN","MACALLISTER",2637
"VIC",224,"MALL","Mallee","LP","CREWTHER",23363
"VIC",224,"MALL","Mallee","PUP","CORY",2883
"VIC",224,"MALL","Mallee","CYA","COLDHAM",384
"VIC",224,"MALL","Mallee","NP","BROAD",33270
"VIC",224,"MALL","Mallee","ASXP","MULCAHY",2118
"VIC",224,"MALL","Mallee","IND","RIDGEWAY",595
"VIC",224,"MALL","Mallee","RUA","MIDDLETON",772
"VIC",224,"MALL","Mallee","KAP","CIRILLO",3195
"VIC",224,"MALL","Mallee","FFP","BULLER",1356
"VIC",225,"MARI","Maribyrnong","","Informal",5940
"VIC",225,"MARI","Maribyrnong","ALP","SHORTEN",43162
"VIC",225,"MARI","Maribyrnong","GRN","KEECH",8920
"VIC",225,"MARI","Maribyrnong","LP","HATZAKORTZIAN",29767
"VIC",225,"MARI","Maribyrnong","AUC","PATERNO",888
"VIC",225,"MARI","Maribyrnong","PUP","CUTLER",2470
"VIC",225,"MARI","Maribyrnong","DLP","KAVANAGH",1258
"VIC",225,"MARI","Maribyrnong","ASXP","MYERS",2313
"VIC",225,"MARI","Maribyrnong","RUA","TRUSCOTT",395
"VIC",225,"MARI","Maribyrnong","FFP","CARLSON",944
"VIC",226,"MCEW","McEwen","","Informal",4910
"VIC",226,"MCEW","McEwen","ALP","MITCHELL",38091
"VIC",226,"MCEW","McEwen","GRN","BARKER",7187
"VIC",226,"MCEW","McEwen","LP","PETROVICH",40853
"VIC",226,"MCEW","McEwen","PUP","DANCE",6822
"VIC",226,"MCEW","McEwen","CYA","CRANSON",686
"VIC",226,"MCEW","McEwen","ASXP","NASH",3256
"VIC",226,"MCEW","McEwen","RUA","VERDAN",463
"VIC",226,"MCEW","McEwen","KAP","STEVENS",997
"VIC",226,"MCEW","McEwen","FFP","NEWTON",2906
"VIC",227,"MCMI","McMillan","","Informal",6118
"VIC",227,"MCMI","McMillan","IND","GATT",695
"VIC",227,"MCMI","McMillan","ALP","NAUS",23537
"VIC",227,"MCMI","McMillan","GRN","McKELVIE",7157
"VIC",227,"MCMI","McMillan","LP","BROADBENT",47316
"VIC",227,"MCMI","McMillan","PUP","SHERRY",4380
"VIC",227,"MCMI","McMillan","CYA","FISHER",822
"VIC",227,"MCMI","McMillan","ASXP","STAGGARD",2168
"VIC",227,"MCMI","McMillan","DLP","KIS-RIGO",1641
"VIC",227,"MCMI","McMillan","RUA","BAKER",627
"VIC",227,"MCMI","McMillan","KAP","AMOR",2262
"VIC",227,"MCMI","McMillan","SOL","PATTON",209
"VIC",227,"MCMI","McMillan","IND","PARKER",1245
"VIC",227,"MCMI","McMillan","FFP","CONLON",1893
"VIC",228,"MELB","Melbourne","","Informal",5348
"VIC",228,"MELB","Melbourne","ALP","BOWTELL",22490
"VIC",228,"MELB","Melbourne","GRN","BANDT",36035
"VIC",228,"MELB","Melbourne","LP","ARMISTEAD",19301
"VIC",228,"MELB","Melbourne","SPP","BAYLISS",173
"VIC",228,"MELB","Melbourne","SPA","WILDING",230
"VIC",228,"MELB","Melbourne","PUP","VRBNJAK",780
"VIC",228,"MELB","Melbourne","ASXP","MANGISI",1621
"VIC",228,"MELB","Melbourne","AJP","WALSHE",628
"VIC",228,"MELB","Melbourne","DLP","MURPHY",442
"VIC",228,"MELB","Melbourne","RUA","KHOO",165
"VIC",228,"MELB","Melbourne","BTA","DAVIDSON",297
"VIC",228,"MELB","Melbourne","","MAIN",1140
"VIC",228,"MELB","Melbourne","IND","BORLAND",443
"VIC",228,"MELB","Melbourne","AIN","CUMMINS",170
"VIC",228,"MELB","Melbourne","IND","KIRKMAN",183
"VIC",228,"MELB","Melbourne","FFP","WALKER",453
"VIC",229,"MENZ","Menzies","","Informal",3987
"VIC",229,"MENZ","Menzies","ALP","KUMAR",22788
"VIC",229,"MENZ","Menzies","GRN","CRANSTON",7663
"VIC",229,"MENZ","Menzies","LP","ANDREWS",52290
"VIC",229,"MENZ","Menzies","PUP","GUARDIANI",2353
"VIC",229,"MENZ","Menzies","RUA","BAKER",508
"VIC",229,"MENZ","Menzies","IND","ROBINSON",1287
"VIC",229,"MENZ","Menzies","FFP","CONLON",1917
"VIC",230,"MPOR","Melbourne Ports","","Informal",3223
"VIC",230,"MPOR","Melbourne Ports","ALP","DANBY",25676
"VIC",230,"MPOR","Melbourne Ports","GRN","BIRRELL",16353
"VIC",230,"MPOR","Melbourne Ports","LP","EKENDAHL",33278
"VIC",230,"MPOR","Melbourne Ports","SPP","ARMSTRONG",324
"VIC",230,"MPOR","Melbourne Ports","PUP","STODART",1122
"VIC",230,"MPOR","Melbourne Ports","ASXP","STAR",3089
"VIC",230,"MPOR","Melbourne Ports","DLP","STEFANO",540
"VIC",230,"MPOR","Melbourne Ports","RUA","QUINN",201
"VIC",230,"MPOR","Melbourne Ports","FFP","KEENAN",490
"VIC",231,"MURR","Murray","","Informal",5992
"VIC",231,"MURR","Murray","CEC","DAVY",316
"VIC",231,"MURR","Murray","ALP","HIGGINS",18403
"VIC",231,"MURR","Murray","GRN","STEVENS",3485
"VIC",231,"MURR","Murray","LP","STONE",54490
"VIC",231,"MURR","Murray","PUP","THOOLEN",2964
"VIC",231,"MURR","Murray","ASXP","CHELLEW",2337
"VIC",231,"MURR","Murray","IND","BUCK",1176
"VIC",231,"MURR","Murray","RUA","HUNGERFORD",563
"VIC",231,"MURR","Murray","KAP","BOURKE",2423
"VIC",231,"MURR","Murray","BTA","SUMMER",986
"VIC",231,"MURR","Murray","FFP","WALKER",1589
"VIC",232,"SCUL","Scullin","","Informal",6214
"VIC",232,"SCUL","Scullin","ALP","GILES",45484
"VIC",232,"SCUL","Scullin","GRN","LJUBICIC",6780
"VIC",232,"SCUL","Scullin","LP","CHUGHA",26369
"VIC",232,"SCUL","Scullin","PUP","COOPER",5991
"VIC",232,"SCUL","Scullin","ASXP","ROLPH",2453
"VIC",232,"SCUL","Scullin","KAP","GRECO",1025
"VIC",232,"SCUL","Scullin","FFP","CONLON",2394
"VIC",233,"WANN","Wannon","","Informal",3665
"VIC",233,"WANN","Wannon","ALP","BARLING",26044
"VIC",233,"WANN","Wannon","GRN","EMANUELLE",5668
"VIC",233,"WANN","Wannon","LP","TEHAN",47392
"VIC",233,"WANN","Wannon","AUC","CORBETT",1167
"VIC",233,"WANN","Wannon","PUP","FERGUSON",3519
"VIC",233,"WANN","Wannon","ASXP","JOHNSON",2455
"VIC",233,"WANN","Wannon","FFP","HABERFIELD",1957
"VIC",234,"WILL","Wills","","Informal",5304
"VIC",234,"WILL","Wills","SAL","WINDISCH",1024
"VIC",234,"WILL","Wills","ALP","THOMSON",40931
"VIC",234,"WILL","Wills","GRN","READ",20157
"VIC",234,"WILL","Wills","LP","HEGDE",20710
"VIC",234,"WILL","Wills","PUP","MURRAY-DUFOULON",2158
"VIC",234,"WILL","Wills","ASXP","TRAJSTMAN",2363
"VIC",234,"WILL","Wills","IND","O'CALLAGHAN",2040
"VIC",234,"WILL","Wills","FFP","GIGLIA",1285
"WA",235,"BRAN","Brand","","Informal",4536
"WA",235,"BRAN","Brand","ALP","ALP_BRAN",30223
"WA",235,"BRAN","Brand","DEM","DEM_BRAN",510
"WA",235,"BRAN","Brand","LP","LP_BRAN",27756
"WA",235,"BRAN","Brand","GRN","GRN_BRAN",5461
"WA",235,"BRAN","Brand","CEC","CEC_BRAN",221
"WA",235,"BRAN","Brand","FFP","FFP_BRAN",1655
"WA",235,"BRAN","Brand","RUA","RUA_BRAN",529
"WA",235,"BRAN","Brand","PUP","PUP_BRAN",5703
"WA",235,"BRAN","Brand","AUC","AUC_BRAN",1493
"WA",317,"BURT","Burt","","Informal",4683
"WA",317,"BURT","Burt","ALP","ALP_BURT",24652
"WA",317,"BURT","Burt","LP","LP_BURT",35218
"WA",317,"BURT","Burt","NP","NP_BURT",444
"WA",317,"BURT","Burt","GRN","GRN_BURT",5983
"WA",317,"BURT","Burt","FFP","FFP_BURT",1028
"WA",317,"BURT","Burt","ASXP","ASXP_BURT",814
"WA",317,"BURT","Burt","RUA","RUA_BURT",413
"WA",317,"BURT","Burt","KAP","KAP_BURT",454
"WA",317,"BURT","Burt","PUP","PUP_BURT",5450
"WA",317,"BURT","Burt","AUC","AUC_BURT",2745
"WA",317,"BURT","Burt","APP","APP_BURT",38
"WA",236,"CANN","Canning","","Informal",4253
"WA",236,"CANN","Canning","ALP","ALP_CANN",20724
"WA",236,"CANN","Canning","DEM","DEM_CANN",96
"WA",236,"CANN","Canning","LP","LP_CANN",39154
"WA",236,"CANN","Canning","NP","NP_CANN",1287
"WA",236,"CANN","Canning","GRN","GRN_CANN",5372
"WA",236,"CANN","Canning","CEC","CEC_CANN",65
"WA",236,"CANN","Canning","FFP","FFP_CANN",1213
"WA",236,"CANN","Canning","ASXP","ASXP_CANN",31
"WA",236,"CANN","Canning","RUA","RUA_CANN",574
"WA",236,"CANN","Canning","KAP","KAP_CANN",556
"WA",236,"CANN","Canning","PUP","PUP_CANN",4848
"WA",236,"CANN","Canning","AUC","AUC_CANN",1628
"WA",237,"COWA","Cowan","","Informal",4642
"WA",237,"COWA","Cowan","IND","CLARK",125
"WA",237,"COWA","Cowan","ALP","ALP_COWA",27439
"WA",237,"COWA","Cowan","DEM","DEM_COWA",16
"WA",237,"COWA","Cowan","LP","LP_COWA",36746
"WA",237,"COWA","Cowan","NP","NP_COWA",77
"WA",237,"COWA","Cowan","GRN","GRN_COWA",6137
"WA",237,"COWA","Cowan","CEC","CEC_COWA",16
"WA",237,"COWA","Cowan","FFP","FFP_COWA",1355
"WA",237,"COWA","Cowan","RUA","RUA_COWA",773
"WA",237,"COWA","Cowan","KAP","KAP_COWA",17
"WA",237,"COWA","Cowan","PUP","PUP_COWA",4308
"WA",237,"COWA","Cowan","AUC","AUC_COWA",1882
"WA",238,"CURT","Curtin","","Informal",2798
"WA",238,"CURT","Curtin","IND","MUBARAK",84
"WA",238,"CURT","Curtin","ALP","ALP_CURT",14569
"WA",238,"CURT","Curtin","LP","LP_CURT",51565
"WA",238,"CURT","Curtin","GRN","GRN_CURT",12206
"WA",238,"CURT","Curtin","FFP","FFP_CURT",55
"WA",238,"CURT","Curtin","RUA","RUA_CURT",664
"WA",238,"CURT","Curtin","PUP","PUP_CURT",2246
"WA",238,"CURT","Curtin","AUC","AUC_CURT",1095
"WA",312,"DURA","Durack","","Informal",5237
"WA",312,"DURA","Durack","IND","MOURITZ",83
"WA",312,"DURA","Durack","ALP","ALP_DURA",15339
"WA",312,"DURA","Durack","DEM","DEM_DURA",0
"WA",312,"DURA","Durack","LP","LP_DURA",29221
"WA",312,"DURA","Durack","NP","NP_DURA",17924
"WA",312,"DURA","Durack","GRN","GRN_DURA",5321
"WA",312,"DURA","Durack","CEC","CEC_DURA",187
"WA",312,"DURA","Durack","FFP","FFP_DURA",786
"WA",312,"DURA","Durack","RUA","RUA_DURA",820
"WA",312,"DURA","Durack","KAP","KAP_DURA",813
"WA",312,"DURA","Durack","PUP","PUP_DURA",5094
"WA",312,"DURA","Durack","AUC","AUC_DURA",1002
"WA",239,"FORR","Forrest","","Informal",4743
"WA",239,"FORR","Forrest","ALP","ALP_FORR",18841
"WA",239,"FORR","Forrest","LP","LP_FORR",41035
"WA",239,"FORR","Forrest","NP","NP_FORR",5114
"WA",239,"FORR","Forrest","GRN","GRN_FORR",7880
"WA",239,"FORR","Forrest","CEC","CEC_FORR",192
"WA",239,"FORR","Forrest","FFP","FFP_FORR",1209
"WA",239,"FORR","Forrest","RUA","RUA_FORR",546
"WA",239,"FORR","Forrest","PUP","PUP_FORR",3949
"WA",239,"FORR","Forrest","AUC","AUC_FORR",1303
"WA",240,"FREM","Fremantle","","Informal",5452
"WA",240,"FREM","Fremantle","ALP","ALP_FREM",32378
"WA",240,"FREM","Fremantle","LP","LP_FREM",29346
"WA",240,"FREM","Fremantle","GRN","GRN_FREM",9295
"WA",240,"FREM","Fremantle","CEC","CEC_FREM",111
"WA",240,"FREM","Fremantle","FFP","FFP_FREM",741
"WA",240,"FREM","Fremantle","SAL","SAL_FREM",677
"WA",240,"FREM","Fremantle","RUA","RUA_FREM",381
"WA",240,"FREM","Fremantle","KAP","KAP_FREM",960
"WA",240,"FREM","Fremantle","PUP","PUP_FREM",3160
"WA",240,"FREM","Fremantle","AUC","AUC_FREM",1067
"WA",240,"FREM","Fremantle","APP","APP_FREM",185
"WA",305,"HASL","Hasluck","","Informal",4596
"WA",305,"HASL","Hasluck","ALP","ALP_HASL",22961
"WA",305,"HASL","Hasluck","DEM","DEM_HASL",210
"WA",305,"HASL","Hasluck","LP","LP_HASL",35935
"WA",305,"HASL","Hasluck","NP","NP_HASL",908
"WA",305,"HASL","Hasluck","GRN","GRN_HASL",8029
"WA",305,"HASL","Hasluck","CEC","CEC_HASL",121
"WA",305,"HASL","Hasluck","FFP","FFP_HASL",732
"WA",305,"HASL","Hasluck","ASXP","ASXP_HASL",1215
"WA",305,"HASL","Hasluck","RUA","RUA_HASL",275
"WA",305,"HASL","Hasluck","KAP","KAP_HASL",561
"WA",305,"HASL","Hasluck","PUP","PUP_HASL",5150
"WA",305,"HASL","Hasluck","AUC","AUC_HASL",1756
"WA",305,"HASL","Hasluck","APP","APP_HASL",41
"WA",242,"MOOR","Moore","","Informal",3921
"WA",242,"MOOR","Moore","ALP","ALP_MOOR",22314
"WA",242,"MOOR","Moore","LP","LP_MOOR",46656
"WA",242,"MOOR","Moore","GRN","GRN_MOOR",8531
"WA",242,"MOOR","Moore","FFP","FFP_MOOR",144
"WA",242,"MOOR","Moore","RUA","RUA_MOOR",760
"WA",242,"MOOR","Moore","PUP","PUP_MOOR",5390
"WA",242,"MOOR","Moore","AUC","AUC_MOOR",1552
"WA",242,"MOOR","Moore","SPRT","SPRT_MOOR",1103
"WA",243,"OCON","O'Connor","","Informal",5377
"WA",243,"OCON","O'Connor","IND","MOURITZ",1348
"WA",243,"OCON","O'Connor","ALP","ALP_OCON",16651
"WA",243,"OCON","O'Connor","LP","LP_OCON",32811
"WA",243,"OCON","O'Connor","NP","NP_OCON",20360
"WA",243,"OCON","O'Connor","GRN","GRN_OCON",5789
"WA",243,"OCON","O'Connor","CEC","CEC_OCON",410
"WA",243,"OCON","O'Connor","FFP","FFP_OCON",737
"WA",243,"OCON","O'Connor","RUA","RUA_OCON",620
"WA",243,"OCON","O'Connor","KAP","KAP_OCON",630
"WA",243,"OCON","O'Connor","PUP","PUP_OCON",3838
"WA",243,"OCON","O'Connor","AUC","AUC_OCON",2120
"WA",244,"PEAR","Pearce","","Informal",4432
"WA",244,"PEAR","Pearce","ALP","ALP_PEAR",19080
"WA",244,"PEAR","Pearce","DEM","DEM_PEAR",338
"WA",244,"PEAR","Pearce","LP","LP_PEAR",34330
"WA",244,"PEAR","Pearce","NP","NP_PEAR",3316
"WA",244,"PEAR","Pearce","GRN","GRN_PEAR",7167
"WA",244,"PEAR","Pearce","CEC","CEC_PEAR",296
"WA",244,"PEAR","Pearce","FFP","FFP_PEAR",35
"WA",244,"PEAR","Pearce","ASXP","ASXP_PEAR",0
"WA",244,"PEAR","Pearce","RUA","RUA_PEAR",675
"WA",244,"PEAR","Pearce","KAP","KAP_PEAR",469
"WA",244,"PEAR","Pearce","PUP","PUP_PEAR",5598
"WA",244,"PEAR","Pearce","AUC","AUC_PEAR",1374
"WA",244,"PEAR","Pearce","SPRT","SPRT_PEAR",221
"WA",245,"PERT","Perth","","Informal",4110
"WA",245,"PERT","Perth","IND","CLARK",831
"WA",245,"PERT","Perth","IND","MUBARAK",19
"WA",245,"PERT","Perth","ALP","ALP_PERT",30707
"WA",245,"PERT","Perth","LP","LP_PERT",33691
"WA",245,"PERT","Perth","GRN","GRN_PERT",9579
"WA",245,"PERT","Perth","FFP","FFP_PERT",525
"WA",245,"PERT","Perth","RUA","RUA_PERT",424
"WA",245,"PERT","Perth","PUP","PUP_PERT",2621
"WA",245,"PERT","Perth","AUC","AUC_PERT",1611
"WA",246,"STIR","Stirling","","Informal",4912
"WA",246,"STIR","Stirling","IND","CLARK",70
"WA",246,"STIR","Stirling","IND","MUBARAK",798
"WA",246,"STIR","Stirling","ALP","ALP_STIR",23887
"WA",246,"STIR","Stirling","LP","LP_STIR",40704
"WA",246,"STIR","Stirling","GRN","GRN_STIR",8736
"WA",246,"STIR","Stirling","FFP","FFP_STIR",682
"WA",246,"STIR","Stirling","RUA","RUA_STIR",477
"WA",246,"STIR","Stirling","PUP","PUP_STIR",3210
"WA",246,"STIR","Stirling","AUC","AUC_STIR",1688
"WA",247,"SWAN","Swan","","Informal",4617
"WA",247,"SWAN","Swan","ALP","ALP_SWAN",23427
"WA",247,"SWAN","Swan","LP","LP_SWAN",38688
"WA",247,"SWAN","Swan","GRN","GRN_SWAN",8756
"WA",247,"SWAN","Swan","FFP","FFP_SWAN",761
"WA",247,"SWAN","Swan","ASXP","ASXP_SWAN",176
"WA",247,"SWAN","Swan","RUA","RUA_SWAN",411
"WA",247,"SWAN","Swan","KAP","KAP_SWAN",410
"WA",247,"SWAN","Swan","PUP","PUP_SWAN",3414
"WA",247,"SWAN","Swan","AUC","AUC_SWAN",1347
"WA",247,"SWAN","Swan","APP","APP_SWAN",596
"WA",248,"TANG","Tangney","","Informal",3723
"WA",248,"TANG","Tangney","ALP","ALP_TANG",21061
"WA",248,"TANG","Tangney","LP","LP_TANG",46297
"WA",248,"TANG","Tangney","GRN","GRN_TANG",9126
"WA",248,"TANG","Tangney","CEC","CEC_TANG",20
"WA",248,"TANG","Tangney","FFP","FFP_TANG",120
"WA",248,"TANG","Tangney","SAL","SAL_TANG",66
"WA",248,"TANG","Tangney","RUA","RUA_TANG",810
"WA",248,"TANG","Tangney","KAP","KAP_TANG",127
"WA",248,"TANG","Tangney","PUP","PUP_TANG",3352
"WA",248,"TANG","Tangney","AUC","AUC_TANG",1985
"WA",248,"TANG","Tangney","APP","APP_TANG",63
